"game_id","expected","file_path","scraped","has_boxscore","has_betting"
401358773,TRUE,"data/raw/2022/summary_2022_20211019_401358773.json",TRUE,TRUE,NA
401358774,TRUE,"data/raw/2022/summary_2022_20211020_401358774.json",TRUE,TRUE,NA
401359833,TRUE,"data/raw/2022/summary_2022_20211020_401359833.json",TRUE,TRUE,NA
401359834,TRUE,"data/raw/2022/summary_2022_20211020_401359834.json",TRUE,TRUE,NA
401358775,TRUE,"data/raw/2022/summary_2022_20211020_401358775.json",TRUE,TRUE,NA
401359835,TRUE,"data/raw/2022/summary_2022_20211020_401359835.json",TRUE,TRUE,NA
401359836,TRUE,"data/raw/2022/summary_2022_20211021_401359836.json",TRUE,TRUE,NA
401359837,TRUE,"data/raw/2022/summary_2022_20211021_401359837.json",TRUE,TRUE,NA
401359838,TRUE,"data/raw/2022/summary_2022_20211021_401359838.json",TRUE,TRUE,NA
401359839,TRUE,"data/raw/2022/summary_2022_20211021_401359839.json",TRUE,TRUE,NA
401359840,TRUE,"data/raw/2022/summary_2022_20211021_401359840.json",TRUE,TRUE,NA
401358776,TRUE,"data/raw/2022/summary_2022_20211021_401358776.json",TRUE,TRUE,NA
401359841,TRUE,"data/raw/2022/summary_2022_20211021_401359841.json",TRUE,TRUE,NA
401358777,TRUE,"data/raw/2022/summary_2022_20211021_401358777.json",TRUE,TRUE,NA
401359842,TRUE,"data/raw/2022/summary_2022_20211022_401359842.json",TRUE,TRUE,NA
401358778,TRUE,"data/raw/2022/summary_2022_20211022_401358778.json",TRUE,TRUE,NA
401359843,TRUE,"data/raw/2022/summary_2022_20211022_401359843.json",TRUE,TRUE,NA
401359844,TRUE,"data/raw/2022/summary_2022_20211022_401359844.json",TRUE,TRUE,NA
401359845,TRUE,"data/raw/2022/summary_2022_20211022_401359845.json",TRUE,TRUE,NA
401358779,TRUE,"data/raw/2022/summary_2022_20211022_401358779.json",TRUE,TRUE,NA
401359846,TRUE,"data/raw/2022/summary_2022_20211022_401359846.json",TRUE,TRUE,NA
401359847,TRUE,"data/raw/2022/summary_2022_20211023_401359847.json",TRUE,TRUE,NA
401359848,TRUE,"data/raw/2022/summary_2022_20211023_401359848.json",TRUE,TRUE,NA
401359849,TRUE,"data/raw/2022/summary_2022_20211023_401359849.json",TRUE,TRUE,NA
401358780,TRUE,"data/raw/2022/summary_2022_20211023_401358780.json",TRUE,TRUE,NA
401359850,TRUE,"data/raw/2022/summary_2022_20211023_401359850.json",TRUE,TRUE,NA
401359851,TRUE,"data/raw/2022/summary_2022_20211023_401359851.json",TRUE,TRUE,NA
401359852,TRUE,"data/raw/2022/summary_2022_20211023_401359852.json",TRUE,TRUE,NA
401359853,TRUE,"data/raw/2022/summary_2022_20211023_401359853.json",TRUE,TRUE,NA
401359854,TRUE,"data/raw/2022/summary_2022_20211024_401359854.json",TRUE,TRUE,NA
401359855,TRUE,"data/raw/2022/summary_2022_20211024_401359855.json",TRUE,TRUE,NA
401359856,TRUE,"data/raw/2022/summary_2022_20211024_401359856.json",TRUE,TRUE,NA
401359857,TRUE,"data/raw/2022/summary_2022_20211024_401359857.json",TRUE,TRUE,NA
401359858,TRUE,"data/raw/2022/summary_2022_20211024_401359858.json",TRUE,TRUE,NA
401359859,TRUE,"data/raw/2022/summary_2022_20211024_401359859.json",TRUE,TRUE,NA
401359860,TRUE,"data/raw/2022/summary_2022_20211024_401359860.json",TRUE,TRUE,NA
401359861,TRUE,"data/raw/2022/summary_2022_20211024_401359861.json",TRUE,TRUE,NA
401359862,TRUE,"data/raw/2022/summary_2022_20211024_401359862.json",TRUE,TRUE,NA
401359863,TRUE,"data/raw/2022/summary_2022_20211025_401359863.json",TRUE,TRUE,NA
401359864,TRUE,"data/raw/2022/summary_2022_20211025_401359864.json",TRUE,TRUE,NA
401359865,TRUE,"data/raw/2022/summary_2022_20211025_401359865.json",TRUE,TRUE,NA
401359866,TRUE,"data/raw/2022/summary_2022_20211025_401359866.json",TRUE,TRUE,NA
401359867,TRUE,"data/raw/2022/summary_2022_20211025_401359867.json",TRUE,TRUE,NA
401359868,TRUE,"data/raw/2022/summary_2022_20211025_401359868.json",TRUE,TRUE,NA
401359869,TRUE,"data/raw/2022/summary_2022_20211025_401359869.json",TRUE,TRUE,NA
401359870,TRUE,"data/raw/2022/summary_2022_20211025_401359870.json",TRUE,TRUE,NA
401359871,TRUE,"data/raw/2022/summary_2022_20211026_401359871.json",TRUE,TRUE,NA
401359872,TRUE,"data/raw/2022/summary_2022_20211026_401359872.json",TRUE,TRUE,NA
401359873,TRUE,"data/raw/2022/summary_2022_20211026_401359873.json",TRUE,TRUE,NA
401359874,TRUE,"data/raw/2022/summary_2022_20211026_401359874.json",TRUE,TRUE,NA
401359875,TRUE,"data/raw/2022/summary_2022_20211027_401359875.json",TRUE,TRUE,NA
401359876,TRUE,"data/raw/2022/summary_2022_20211027_401359876.json",TRUE,TRUE,NA
401359877,TRUE,"data/raw/2022/summary_2022_20211027_401359877.json",TRUE,TRUE,NA
401359878,TRUE,"data/raw/2022/summary_2022_20211027_401359878.json",TRUE,TRUE,NA
401359879,TRUE,"data/raw/2022/summary_2022_20211027_401359879.json",TRUE,TRUE,NA
401359880,TRUE,"data/raw/2022/summary_2022_20211027_401359880.json",TRUE,TRUE,NA
401359881,TRUE,"data/raw/2022/summary_2022_20211027_401359881.json",TRUE,TRUE,NA
401359882,TRUE,"data/raw/2022/summary_2022_20211027_401359882.json",TRUE,TRUE,NA
401359883,TRUE,"data/raw/2022/summary_2022_20211027_401359883.json",TRUE,TRUE,NA
401359884,TRUE,"data/raw/2022/summary_2022_20211028_401359884.json",TRUE,TRUE,NA
401359885,TRUE,"data/raw/2022/summary_2022_20211028_401359885.json",TRUE,TRUE,NA
401359886,TRUE,"data/raw/2022/summary_2022_20211028_401359886.json",TRUE,TRUE,NA
401359887,TRUE,"data/raw/2022/summary_2022_20211028_401359887.json",TRUE,TRUE,NA
401359888,TRUE,"data/raw/2022/summary_2022_20211028_401359888.json",TRUE,TRUE,NA
401359889,TRUE,"data/raw/2022/summary_2022_20211028_401359889.json",TRUE,TRUE,NA
401359890,TRUE,"data/raw/2022/summary_2022_20211028_401359890.json",TRUE,TRUE,NA
401359891,TRUE,"data/raw/2022/summary_2022_20211029_401359891.json",TRUE,TRUE,NA
401359892,TRUE,"data/raw/2022/summary_2022_20211029_401359892.json",TRUE,TRUE,NA
401359893,TRUE,"data/raw/2022/summary_2022_20211029_401359893.json",TRUE,TRUE,NA
401359894,TRUE,"data/raw/2022/summary_2022_20211029_401359894.json",TRUE,TRUE,NA
401359895,TRUE,"data/raw/2022/summary_2022_20211029_401359895.json",TRUE,TRUE,NA
401359896,TRUE,"data/raw/2022/summary_2022_20211029_401359896.json",TRUE,TRUE,NA
401359897,TRUE,"data/raw/2022/summary_2022_20211029_401359897.json",TRUE,TRUE,NA
401359898,TRUE,"data/raw/2022/summary_2022_20211030_401359898.json",TRUE,TRUE,NA
401359899,TRUE,"data/raw/2022/summary_2022_20211030_401359899.json",TRUE,TRUE,NA
401359900,TRUE,"data/raw/2022/summary_2022_20211030_401359900.json",TRUE,TRUE,NA
401359901,TRUE,"data/raw/2022/summary_2022_20211030_401359901.json",TRUE,TRUE,NA
401359902,TRUE,"data/raw/2022/summary_2022_20211030_401359902.json",TRUE,TRUE,NA
401359903,TRUE,"data/raw/2022/summary_2022_20211030_401359903.json",TRUE,TRUE,NA
401359904,TRUE,"data/raw/2022/summary_2022_20211030_401359904.json",TRUE,TRUE,NA
401359905,TRUE,"data/raw/2022/summary_2022_20211030_401359905.json",TRUE,TRUE,NA
401359906,TRUE,"data/raw/2022/summary_2022_20211030_401359906.json",TRUE,TRUE,NA
401359907,TRUE,"data/raw/2022/summary_2022_20211031_401359907.json",TRUE,TRUE,NA
401359908,TRUE,"data/raw/2022/summary_2022_20211031_401359908.json",TRUE,TRUE,NA
401359909,TRUE,"data/raw/2022/summary_2022_20211031_401359909.json",TRUE,TRUE,NA
401359910,TRUE,"data/raw/2022/summary_2022_20211031_401359910.json",TRUE,TRUE,NA
401359911,TRUE,"data/raw/2022/summary_2022_20211031_401359911.json",TRUE,TRUE,NA
401359912,TRUE,"data/raw/2022/summary_2022_20211031_401359912.json",TRUE,TRUE,NA
401359913,TRUE,"data/raw/2022/summary_2022_20211031_401359913.json",TRUE,TRUE,NA
401359914,TRUE,"data/raw/2022/summary_2022_20211031_401359914.json",TRUE,TRUE,NA
401359915,TRUE,"data/raw/2022/summary_2022_20211031_401359915.json",TRUE,TRUE,NA
401359916,TRUE,"data/raw/2022/summary_2022_20211031_401359916.json",TRUE,TRUE,NA
401359917,TRUE,"data/raw/2022/summary_2022_20211101_401359917.json",TRUE,TRUE,NA
401359918,TRUE,"data/raw/2022/summary_2022_20211101_401359918.json",TRUE,TRUE,NA
401359919,TRUE,"data/raw/2022/summary_2022_20211101_401359919.json",TRUE,TRUE,NA
401359920,TRUE,"data/raw/2022/summary_2022_20211101_401359920.json",TRUE,TRUE,NA
401359921,TRUE,"data/raw/2022/summary_2022_20211101_401359921.json",TRUE,TRUE,NA
401359922,TRUE,"data/raw/2022/summary_2022_20211101_401359922.json",TRUE,TRUE,NA
401359923,TRUE,"data/raw/2022/summary_2022_20211101_401359923.json",TRUE,TRUE,NA
401359924,TRUE,"data/raw/2022/summary_2022_20211102_401359924.json",TRUE,TRUE,NA
401359925,TRUE,"data/raw/2022/summary_2022_20211102_401359925.json",TRUE,TRUE,NA
401359926,TRUE,"data/raw/2022/summary_2022_20211102_401359926.json",TRUE,TRUE,NA
401359927,TRUE,"data/raw/2022/summary_2022_20211102_401359927.json",TRUE,TRUE,NA
401359928,TRUE,"data/raw/2022/summary_2022_20211102_401359928.json",TRUE,TRUE,NA
401359929,TRUE,"data/raw/2022/summary_2022_20211103_401359929.json",TRUE,TRUE,NA
401359930,TRUE,"data/raw/2022/summary_2022_20211103_401359930.json",TRUE,TRUE,NA
401359931,TRUE,"data/raw/2022/summary_2022_20211103_401359931.json",TRUE,TRUE,NA
401359932,TRUE,"data/raw/2022/summary_2022_20211103_401359932.json",TRUE,TRUE,NA
401359933,TRUE,"data/raw/2022/summary_2022_20211103_401359933.json",TRUE,TRUE,NA
401359934,TRUE,"data/raw/2022/summary_2022_20211103_401359934.json",TRUE,TRUE,NA
401359935,TRUE,"data/raw/2022/summary_2022_20211103_401359935.json",TRUE,TRUE,NA
401359936,TRUE,"data/raw/2022/summary_2022_20211103_401359936.json",TRUE,TRUE,NA
401359937,TRUE,"data/raw/2022/summary_2022_20211103_401359937.json",TRUE,TRUE,NA
401359938,TRUE,"data/raw/2022/summary_2022_20211104_401359938.json",TRUE,TRUE,NA
401359939,TRUE,"data/raw/2022/summary_2022_20211104_401359939.json",TRUE,TRUE,NA
401359940,TRUE,"data/raw/2022/summary_2022_20211104_401359940.json",TRUE,TRUE,NA
401359941,TRUE,"data/raw/2022/summary_2022_20211104_401359941.json",TRUE,TRUE,NA
401359942,TRUE,"data/raw/2022/summary_2022_20211104_401359942.json",TRUE,TRUE,NA
401359943,TRUE,"data/raw/2022/summary_2022_20211104_401359943.json",TRUE,TRUE,NA
401359944,TRUE,"data/raw/2022/summary_2022_20211104_401359944.json",TRUE,TRUE,NA
401359945,TRUE,"data/raw/2022/summary_2022_20211104_401359945.json",TRUE,TRUE,NA
401359946,TRUE,"data/raw/2022/summary_2022_20211105_401359946.json",TRUE,TRUE,NA
401359947,TRUE,"data/raw/2022/summary_2022_20211105_401359947.json",TRUE,TRUE,NA
401359948,TRUE,"data/raw/2022/summary_2022_20211105_401359948.json",TRUE,TRUE,NA
401359949,TRUE,"data/raw/2022/summary_2022_20211105_401359949.json",TRUE,TRUE,NA
401359950,TRUE,"data/raw/2022/summary_2022_20211105_401359950.json",TRUE,TRUE,NA
401359951,TRUE,"data/raw/2022/summary_2022_20211105_401359951.json",TRUE,TRUE,NA
401359952,TRUE,"data/raw/2022/summary_2022_20211105_401359952.json",TRUE,TRUE,NA
401359953,TRUE,"data/raw/2022/summary_2022_20211106_401359953.json",TRUE,TRUE,NA
401359954,TRUE,"data/raw/2022/summary_2022_20211106_401359954.json",TRUE,TRUE,NA
401359955,TRUE,"data/raw/2022/summary_2022_20211106_401359955.json",TRUE,TRUE,NA
401359956,TRUE,"data/raw/2022/summary_2022_20211106_401359956.json",TRUE,TRUE,NA
401359957,TRUE,"data/raw/2022/summary_2022_20211106_401359957.json",TRUE,TRUE,NA
401359958,TRUE,"data/raw/2022/summary_2022_20211106_401359958.json",TRUE,TRUE,NA
401359959,TRUE,"data/raw/2022/summary_2022_20211107_401359959.json",TRUE,TRUE,NA
401359960,TRUE,"data/raw/2022/summary_2022_20211107_401359960.json",TRUE,TRUE,NA
401359961,TRUE,"data/raw/2022/summary_2022_20211107_401359961.json",TRUE,TRUE,NA
401359962,TRUE,"data/raw/2022/summary_2022_20211107_401359962.json",TRUE,TRUE,NA
401359963,TRUE,"data/raw/2022/summary_2022_20211107_401359963.json",TRUE,TRUE,NA
401359964,TRUE,"data/raw/2022/summary_2022_20211107_401359964.json",TRUE,TRUE,NA
401359965,TRUE,"data/raw/2022/summary_2022_20211107_401359965.json",TRUE,TRUE,NA
401359966,TRUE,"data/raw/2022/summary_2022_20211107_401359966.json",TRUE,TRUE,NA
401359967,TRUE,"data/raw/2022/summary_2022_20211107_401359967.json",TRUE,TRUE,NA
401359968,TRUE,"data/raw/2022/summary_2022_20211108_401359968.json",TRUE,TRUE,NA
401359969,TRUE,"data/raw/2022/summary_2022_20211108_401359969.json",TRUE,TRUE,NA
401359970,TRUE,"data/raw/2022/summary_2022_20211108_401359970.json",TRUE,TRUE,NA
401359971,TRUE,"data/raw/2022/summary_2022_20211109_401359971.json",TRUE,TRUE,NA
401359972,TRUE,"data/raw/2022/summary_2022_20211109_401359972.json",TRUE,TRUE,NA
401359973,TRUE,"data/raw/2022/summary_2022_20211109_401359973.json",TRUE,TRUE,NA
401359974,TRUE,"data/raw/2022/summary_2022_20211109_401359974.json",TRUE,TRUE,NA
401359975,TRUE,"data/raw/2022/summary_2022_20211109_401359975.json",TRUE,TRUE,NA
401359976,TRUE,"data/raw/2022/summary_2022_20211109_401359976.json",TRUE,TRUE,NA
401359977,TRUE,"data/raw/2022/summary_2022_20211109_401359977.json",TRUE,TRUE,NA
401359978,TRUE,"data/raw/2022/summary_2022_20211109_401359978.json",TRUE,TRUE,NA
401359979,TRUE,"data/raw/2022/summary_2022_20211110_401359979.json",TRUE,TRUE,NA
401359980,TRUE,"data/raw/2022/summary_2022_20211110_401359980.json",TRUE,TRUE,NA
401359981,TRUE,"data/raw/2022/summary_2022_20211110_401359981.json",TRUE,TRUE,NA
401359982,TRUE,"data/raw/2022/summary_2022_20211111_401359982.json",TRUE,TRUE,NA
401359983,TRUE,"data/raw/2022/summary_2022_20211111_401359983.json",TRUE,TRUE,NA
401359984,TRUE,"data/raw/2022/summary_2022_20211111_401359984.json",TRUE,TRUE,NA
401359985,TRUE,"data/raw/2022/summary_2022_20211111_401359985.json",TRUE,TRUE,NA
401359986,TRUE,"data/raw/2022/summary_2022_20211111_401359986.json",TRUE,TRUE,NA
401359987,TRUE,"data/raw/2022/summary_2022_20211111_401359987.json",TRUE,TRUE,NA
401359988,TRUE,"data/raw/2022/summary_2022_20211111_401359988.json",TRUE,TRUE,NA
401359989,TRUE,"data/raw/2022/summary_2022_20211111_401359989.json",TRUE,TRUE,NA
401359990,TRUE,"data/raw/2022/summary_2022_20211111_401359990.json",TRUE,TRUE,NA
401359991,TRUE,"data/raw/2022/summary_2022_20211111_401359991.json",TRUE,TRUE,NA
401359992,TRUE,"data/raw/2022/summary_2022_20211111_401359992.json",TRUE,TRUE,NA
401359993,TRUE,"data/raw/2022/summary_2022_20211111_401359993.json",TRUE,TRUE,NA
401359994,TRUE,"data/raw/2022/summary_2022_20211111_401359994.json",TRUE,TRUE,NA
401359995,TRUE,"data/raw/2022/summary_2022_20211112_401359995.json",TRUE,TRUE,NA
401359996,TRUE,"data/raw/2022/summary_2022_20211112_401359996.json",TRUE,TRUE,NA
401359997,TRUE,"data/raw/2022/summary_2022_20211112_401359997.json",TRUE,TRUE,NA
401359998,TRUE,"data/raw/2022/summary_2022_20211113_401359998.json",TRUE,TRUE,NA
401359999,TRUE,"data/raw/2022/summary_2022_20211113_401359999.json",TRUE,TRUE,NA
401360000,TRUE,"data/raw/2022/summary_2022_20211113_401360000.json",TRUE,TRUE,NA
401360001,TRUE,"data/raw/2022/summary_2022_20211113_401360001.json",TRUE,TRUE,NA
401360002,TRUE,"data/raw/2022/summary_2022_20211113_401360002.json",TRUE,TRUE,NA
401360003,TRUE,"data/raw/2022/summary_2022_20211113_401360003.json",TRUE,TRUE,NA
401360004,TRUE,"data/raw/2022/summary_2022_20211113_401360004.json",TRUE,TRUE,NA
401360005,TRUE,"data/raw/2022/summary_2022_20211113_401360005.json",TRUE,TRUE,NA
401360006,TRUE,"data/raw/2022/summary_2022_20211113_401360006.json",TRUE,TRUE,NA
401360007,TRUE,"data/raw/2022/summary_2022_20211113_401360007.json",TRUE,TRUE,NA
401360008,TRUE,"data/raw/2022/summary_2022_20211113_401360008.json",TRUE,TRUE,NA
401360009,TRUE,"data/raw/2022/summary_2022_20211113_401360009.json",TRUE,TRUE,NA
401360010,TRUE,"data/raw/2022/summary_2022_20211114_401360010.json",TRUE,TRUE,NA
401360011,TRUE,"data/raw/2022/summary_2022_20211114_401360011.json",TRUE,TRUE,NA
401360012,TRUE,"data/raw/2022/summary_2022_20211114_401360012.json",TRUE,TRUE,NA
401360013,TRUE,"data/raw/2022/summary_2022_20211114_401360013.json",TRUE,TRUE,NA
401360014,TRUE,"data/raw/2022/summary_2022_20211114_401360014.json",TRUE,TRUE,NA
401360015,TRUE,"data/raw/2022/summary_2022_20211114_401360015.json",TRUE,TRUE,NA
401360016,TRUE,"data/raw/2022/summary_2022_20211114_401360016.json",TRUE,TRUE,NA
401360017,TRUE,"data/raw/2022/summary_2022_20211114_401360017.json",TRUE,TRUE,NA
401360018,TRUE,"data/raw/2022/summary_2022_20211115_401360018.json",TRUE,TRUE,NA
401360019,TRUE,"data/raw/2022/summary_2022_20211115_401360019.json",TRUE,TRUE,NA
401360020,TRUE,"data/raw/2022/summary_2022_20211115_401360020.json",TRUE,TRUE,NA
401360021,TRUE,"data/raw/2022/summary_2022_20211115_401360021.json",TRUE,TRUE,NA
401360022,TRUE,"data/raw/2022/summary_2022_20211115_401360022.json",TRUE,TRUE,NA
401360023,TRUE,"data/raw/2022/summary_2022_20211116_401360023.json",TRUE,TRUE,NA
401360024,TRUE,"data/raw/2022/summary_2022_20211116_401360024.json",TRUE,TRUE,NA
401360025,TRUE,"data/raw/2022/summary_2022_20211116_401360025.json",TRUE,TRUE,NA
401360026,TRUE,"data/raw/2022/summary_2022_20211116_401360026.json",TRUE,TRUE,NA
401360027,TRUE,"data/raw/2022/summary_2022_20211116_401360027.json",TRUE,TRUE,NA
401360028,TRUE,"data/raw/2022/summary_2022_20211116_401360028.json",TRUE,TRUE,NA
401360029,TRUE,"data/raw/2022/summary_2022_20211116_401360029.json",TRUE,TRUE,NA
401360030,TRUE,"data/raw/2022/summary_2022_20211116_401360030.json",TRUE,TRUE,NA
401360031,TRUE,"data/raw/2022/summary_2022_20211116_401360031.json",TRUE,TRUE,NA
401360032,TRUE,"data/raw/2022/summary_2022_20211116_401360032.json",TRUE,TRUE,NA
401360033,TRUE,"data/raw/2022/summary_2022_20211116_401360033.json",TRUE,TRUE,NA
401360034,TRUE,"data/raw/2022/summary_2022_20211117_401360034.json",TRUE,TRUE,NA
401360035,TRUE,"data/raw/2022/summary_2022_20211117_401360035.json",TRUE,TRUE,NA
401360036,TRUE,"data/raw/2022/summary_2022_20211117_401360036.json",TRUE,TRUE,NA
401360037,TRUE,"data/raw/2022/summary_2022_20211118_401360037.json",TRUE,TRUE,NA
401360038,TRUE,"data/raw/2022/summary_2022_20211118_401360038.json",TRUE,TRUE,NA
401360039,TRUE,"data/raw/2022/summary_2022_20211118_401360039.json",TRUE,TRUE,NA
401360040,TRUE,"data/raw/2022/summary_2022_20211118_401360040.json",TRUE,TRUE,NA
401360041,TRUE,"data/raw/2022/summary_2022_20211118_401360041.json",TRUE,TRUE,NA
401360042,TRUE,"data/raw/2022/summary_2022_20211118_401360042.json",TRUE,TRUE,NA
401360043,TRUE,"data/raw/2022/summary_2022_20211118_401360043.json",TRUE,TRUE,NA
401360044,TRUE,"data/raw/2022/summary_2022_20211118_401360044.json",TRUE,TRUE,NA
401360045,TRUE,"data/raw/2022/summary_2022_20211118_401360045.json",TRUE,TRUE,NA
401360046,TRUE,"data/raw/2022/summary_2022_20211118_401360046.json",TRUE,TRUE,NA
401360047,TRUE,"data/raw/2022/summary_2022_20211118_401360047.json",TRUE,TRUE,NA
401360048,TRUE,"data/raw/2022/summary_2022_20211119_401360048.json",TRUE,TRUE,NA
401360049,TRUE,"data/raw/2022/summary_2022_20211119_401360049.json",TRUE,TRUE,NA
401360050,TRUE,"data/raw/2022/summary_2022_20211119_401360050.json",TRUE,TRUE,NA
401360051,TRUE,"data/raw/2022/summary_2022_20211119_401360051.json",TRUE,TRUE,NA
401360052,TRUE,"data/raw/2022/summary_2022_20211119_401360052.json",TRUE,TRUE,NA
401360053,TRUE,"data/raw/2022/summary_2022_20211119_401360053.json",TRUE,TRUE,NA
401360054,TRUE,"data/raw/2022/summary_2022_20211120_401360054.json",TRUE,TRUE,NA
401360055,TRUE,"data/raw/2022/summary_2022_20211120_401360055.json",TRUE,TRUE,NA
401360056,TRUE,"data/raw/2022/summary_2022_20211120_401360056.json",TRUE,TRUE,NA
401360057,TRUE,"data/raw/2022/summary_2022_20211120_401360057.json",TRUE,TRUE,NA
401360058,TRUE,"data/raw/2022/summary_2022_20211120_401360058.json",TRUE,TRUE,NA
401360059,TRUE,"data/raw/2022/summary_2022_20211120_401360059.json",TRUE,TRUE,NA
401360060,TRUE,"data/raw/2022/summary_2022_20211120_401360060.json",TRUE,TRUE,NA
401360061,TRUE,"data/raw/2022/summary_2022_20211120_401360061.json",TRUE,TRUE,NA
401360062,TRUE,"data/raw/2022/summary_2022_20211120_401360062.json",TRUE,TRUE,NA
401360063,TRUE,"data/raw/2022/summary_2022_20211120_401360063.json",TRUE,TRUE,NA
401360064,TRUE,"data/raw/2022/summary_2022_20211121_401360064.json",TRUE,TRUE,NA
401360065,TRUE,"data/raw/2022/summary_2022_20211121_401360065.json",TRUE,TRUE,NA
401360066,TRUE,"data/raw/2022/summary_2022_20211121_401360066.json",TRUE,TRUE,NA
401360067,TRUE,"data/raw/2022/summary_2022_20211121_401360067.json",TRUE,TRUE,NA
401360068,TRUE,"data/raw/2022/summary_2022_20211121_401360068.json",TRUE,TRUE,NA
401360069,TRUE,"data/raw/2022/summary_2022_20211121_401360069.json",TRUE,TRUE,NA
401360070,TRUE,"data/raw/2022/summary_2022_20211121_401360070.json",TRUE,TRUE,NA
401360071,TRUE,"data/raw/2022/summary_2022_20211121_401360071.json",TRUE,TRUE,NA
401360072,TRUE,"data/raw/2022/summary_2022_20211121_401360072.json",TRUE,TRUE,NA
401360073,TRUE,"data/raw/2022/summary_2022_20211121_401360073.json",TRUE,TRUE,NA
401360074,TRUE,"data/raw/2022/summary_2022_20211122_401360074.json",TRUE,TRUE,NA
401360075,TRUE,"data/raw/2022/summary_2022_20211122_401360075.json",TRUE,TRUE,NA
401360076,TRUE,"data/raw/2022/summary_2022_20211122_401360076.json",TRUE,TRUE,NA
401360077,TRUE,"data/raw/2022/summary_2022_20211123_401360077.json",TRUE,TRUE,NA
401360078,TRUE,"data/raw/2022/summary_2022_20211123_401360078.json",TRUE,TRUE,NA
401360079,TRUE,"data/raw/2022/summary_2022_20211123_401360079.json",TRUE,TRUE,NA
401360080,TRUE,"data/raw/2022/summary_2022_20211123_401360080.json",TRUE,TRUE,NA
401360081,TRUE,"data/raw/2022/summary_2022_20211123_401360081.json",TRUE,TRUE,NA
401360082,TRUE,"data/raw/2022/summary_2022_20211123_401360082.json",TRUE,TRUE,NA
401360083,TRUE,"data/raw/2022/summary_2022_20211123_401360083.json",TRUE,TRUE,NA
401360084,TRUE,"data/raw/2022/summary_2022_20211123_401360084.json",TRUE,TRUE,NA
401360085,TRUE,"data/raw/2022/summary_2022_20211123_401360085.json",TRUE,TRUE,NA
401360086,TRUE,"data/raw/2022/summary_2022_20211123_401360086.json",TRUE,TRUE,NA
401360087,TRUE,"data/raw/2022/summary_2022_20211124_401360087.json",TRUE,TRUE,NA
401360088,TRUE,"data/raw/2022/summary_2022_20211124_401360088.json",TRUE,TRUE,NA
401360089,TRUE,"data/raw/2022/summary_2022_20211124_401360089.json",TRUE,TRUE,NA
401360090,TRUE,"data/raw/2022/summary_2022_20211124_401360090.json",TRUE,TRUE,NA
401360091,TRUE,"data/raw/2022/summary_2022_20211125_401360091.json",TRUE,TRUE,NA
401360092,TRUE,"data/raw/2022/summary_2022_20211125_401360092.json",TRUE,TRUE,NA
401360093,TRUE,"data/raw/2022/summary_2022_20211125_401360093.json",TRUE,TRUE,NA
401360094,TRUE,"data/raw/2022/summary_2022_20211125_401360094.json",TRUE,TRUE,NA
401360095,TRUE,"data/raw/2022/summary_2022_20211125_401360095.json",TRUE,TRUE,NA
401360096,TRUE,"data/raw/2022/summary_2022_20211125_401360096.json",TRUE,TRUE,NA
401360097,TRUE,"data/raw/2022/summary_2022_20211125_401360097.json",TRUE,TRUE,NA
401360098,TRUE,"data/raw/2022/summary_2022_20211125_401360098.json",TRUE,TRUE,NA
401360099,TRUE,"data/raw/2022/summary_2022_20211125_401360099.json",TRUE,TRUE,NA
401360100,TRUE,"data/raw/2022/summary_2022_20211125_401360100.json",TRUE,TRUE,NA
401360101,TRUE,"data/raw/2022/summary_2022_20211125_401360101.json",TRUE,TRUE,NA
401360102,TRUE,"data/raw/2022/summary_2022_20211125_401360102.json",TRUE,TRUE,NA
401360103,TRUE,"data/raw/2022/summary_2022_20211125_401360103.json",TRUE,TRUE,NA
401360104,TRUE,"data/raw/2022/summary_2022_20211126_401360104.json",TRUE,TRUE,NA
401360105,TRUE,"data/raw/2022/summary_2022_20211127_401360105.json",TRUE,TRUE,NA
401360106,TRUE,"data/raw/2022/summary_2022_20211127_401360106.json",TRUE,TRUE,NA
401360107,TRUE,"data/raw/2022/summary_2022_20211127_401360107.json",TRUE,TRUE,NA
401360108,TRUE,"data/raw/2022/summary_2022_20211127_401360108.json",TRUE,TRUE,NA
401360109,TRUE,"data/raw/2022/summary_2022_20211127_401360109.json",TRUE,TRUE,NA
401360110,TRUE,"data/raw/2022/summary_2022_20211127_401360110.json",TRUE,TRUE,NA
401360111,TRUE,"data/raw/2022/summary_2022_20211127_401360111.json",TRUE,TRUE,NA
401360112,TRUE,"data/raw/2022/summary_2022_20211127_401360112.json",TRUE,TRUE,NA
401360113,TRUE,"data/raw/2022/summary_2022_20211127_401360113.json",TRUE,TRUE,NA
401360114,TRUE,"data/raw/2022/summary_2022_20211127_401360114.json",TRUE,TRUE,NA
401360115,TRUE,"data/raw/2022/summary_2022_20211127_401360115.json",TRUE,TRUE,NA
401360116,TRUE,"data/raw/2022/summary_2022_20211127_401360116.json",TRUE,TRUE,NA
401360117,TRUE,"data/raw/2022/summary_2022_20211128_401360117.json",TRUE,TRUE,NA
401360118,TRUE,"data/raw/2022/summary_2022_20211128_401360118.json",TRUE,TRUE,NA
401360119,TRUE,"data/raw/2022/summary_2022_20211128_401360119.json",TRUE,TRUE,NA
401360120,TRUE,"data/raw/2022/summary_2022_20211128_401360120.json",TRUE,TRUE,NA
401360121,TRUE,"data/raw/2022/summary_2022_20211128_401360121.json",TRUE,TRUE,NA
401360122,TRUE,"data/raw/2022/summary_2022_20211128_401360122.json",TRUE,TRUE,NA
401360123,TRUE,"data/raw/2022/summary_2022_20211128_401360123.json",TRUE,TRUE,NA
401360124,TRUE,"data/raw/2022/summary_2022_20211128_401360124.json",TRUE,TRUE,NA
401360125,TRUE,"data/raw/2022/summary_2022_20211128_401360125.json",TRUE,TRUE,NA
401360126,TRUE,"data/raw/2022/summary_2022_20211128_401360126.json",TRUE,TRUE,NA
401360127,TRUE,"data/raw/2022/summary_2022_20211128_401360127.json",TRUE,TRUE,NA
401360128,TRUE,"data/raw/2022/summary_2022_20211129_401360128.json",TRUE,TRUE,NA
401360129,TRUE,"data/raw/2022/summary_2022_20211130_401360129.json",TRUE,TRUE,NA
401360130,TRUE,"data/raw/2022/summary_2022_20211130_401360130.json",TRUE,TRUE,NA
401360131,TRUE,"data/raw/2022/summary_2022_20211130_401360131.json",TRUE,TRUE,NA
401360132,TRUE,"data/raw/2022/summary_2022_20211130_401360132.json",TRUE,TRUE,NA
401360133,TRUE,"data/raw/2022/summary_2022_20211130_401360133.json",TRUE,TRUE,NA
401360134,TRUE,"data/raw/2022/summary_2022_20211130_401360134.json",TRUE,TRUE,NA
401360135,TRUE,"data/raw/2022/summary_2022_20211130_401360135.json",TRUE,TRUE,NA
401360136,TRUE,"data/raw/2022/summary_2022_20211130_401360136.json",TRUE,TRUE,NA
401360137,TRUE,"data/raw/2022/summary_2022_20211130_401360137.json",TRUE,TRUE,NA
401360138,TRUE,"data/raw/2022/summary_2022_20211201_401360138.json",TRUE,TRUE,NA
401360139,TRUE,"data/raw/2022/summary_2022_20211201_401360139.json",TRUE,TRUE,NA
401360140,TRUE,"data/raw/2022/summary_2022_20211201_401360140.json",TRUE,TRUE,NA
401360141,TRUE,"data/raw/2022/summary_2022_20211201_401360141.json",TRUE,TRUE,NA
401360142,TRUE,"data/raw/2022/summary_2022_20211201_401360142.json",TRUE,TRUE,NA
401360143,TRUE,"data/raw/2022/summary_2022_20211202_401360143.json",TRUE,TRUE,NA
401360144,TRUE,"data/raw/2022/summary_2022_20211202_401360144.json",TRUE,TRUE,NA
401360145,TRUE,"data/raw/2022/summary_2022_20211202_401360145.json",TRUE,TRUE,NA
401360146,TRUE,"data/raw/2022/summary_2022_20211202_401360146.json",TRUE,TRUE,NA
401360147,TRUE,"data/raw/2022/summary_2022_20211202_401360147.json",TRUE,TRUE,NA
401360148,TRUE,"data/raw/2022/summary_2022_20211202_401360148.json",TRUE,TRUE,NA
401360149,TRUE,"data/raw/2022/summary_2022_20211202_401360149.json",TRUE,TRUE,NA
401360150,TRUE,"data/raw/2022/summary_2022_20211202_401360150.json",TRUE,TRUE,NA
401360151,TRUE,"data/raw/2022/summary_2022_20211202_401360151.json",TRUE,TRUE,NA
401360152,TRUE,"data/raw/2022/summary_2022_20211203_401360152.json",TRUE,TRUE,NA
401360153,TRUE,"data/raw/2022/summary_2022_20211203_401360153.json",TRUE,TRUE,NA
401360154,TRUE,"data/raw/2022/summary_2022_20211203_401360154.json",TRUE,TRUE,NA
401360155,TRUE,"data/raw/2022/summary_2022_20211203_401360155.json",TRUE,TRUE,NA
401360156,TRUE,"data/raw/2022/summary_2022_20211203_401360156.json",TRUE,TRUE,NA
401360157,TRUE,"data/raw/2022/summary_2022_20211204_401360157.json",TRUE,TRUE,NA
401360158,TRUE,"data/raw/2022/summary_2022_20211204_401360158.json",TRUE,TRUE,NA
401360159,TRUE,"data/raw/2022/summary_2022_20211204_401360159.json",TRUE,TRUE,NA
401360160,TRUE,"data/raw/2022/summary_2022_20211204_401360160.json",TRUE,TRUE,NA
401360161,TRUE,"data/raw/2022/summary_2022_20211204_401360161.json",TRUE,TRUE,NA
401360162,TRUE,"data/raw/2022/summary_2022_20211204_401360162.json",TRUE,TRUE,NA
401360163,TRUE,"data/raw/2022/summary_2022_20211204_401360163.json",TRUE,TRUE,NA
401360164,TRUE,"data/raw/2022/summary_2022_20211204_401360164.json",TRUE,TRUE,NA
401360165,TRUE,"data/raw/2022/summary_2022_20211204_401360165.json",TRUE,TRUE,NA
401360166,TRUE,"data/raw/2022/summary_2022_20211204_401360166.json",TRUE,TRUE,NA
401360167,TRUE,"data/raw/2022/summary_2022_20211205_401360167.json",TRUE,TRUE,NA
401360168,TRUE,"data/raw/2022/summary_2022_20211205_401360168.json",TRUE,TRUE,NA
401360169,TRUE,"data/raw/2022/summary_2022_20211205_401360169.json",TRUE,TRUE,NA
401360170,TRUE,"data/raw/2022/summary_2022_20211205_401360170.json",TRUE,TRUE,NA
401360171,TRUE,"data/raw/2022/summary_2022_20211205_401360171.json",TRUE,TRUE,NA
401360172,TRUE,"data/raw/2022/summary_2022_20211205_401360172.json",TRUE,TRUE,NA
401360173,TRUE,"data/raw/2022/summary_2022_20211205_401360173.json",TRUE,TRUE,NA
401360174,TRUE,"data/raw/2022/summary_2022_20211205_401360174.json",TRUE,TRUE,NA
401360175,TRUE,"data/raw/2022/summary_2022_20211205_401360175.json",TRUE,TRUE,NA
401360176,TRUE,"data/raw/2022/summary_2022_20211206_401360176.json",TRUE,TRUE,NA
401360177,TRUE,"data/raw/2022/summary_2022_20211207_401360177.json",TRUE,TRUE,NA
401360178,TRUE,"data/raw/2022/summary_2022_20211207_401360178.json",TRUE,TRUE,NA
401360179,TRUE,"data/raw/2022/summary_2022_20211207_401360179.json",TRUE,TRUE,NA
401360180,TRUE,"data/raw/2022/summary_2022_20211207_401360180.json",TRUE,TRUE,NA
401360181,TRUE,"data/raw/2022/summary_2022_20211207_401360181.json",TRUE,TRUE,NA
401360182,TRUE,"data/raw/2022/summary_2022_20211207_401360182.json",TRUE,TRUE,NA
401360183,TRUE,"data/raw/2022/summary_2022_20211207_401360183.json",TRUE,TRUE,NA
401360184,TRUE,"data/raw/2022/summary_2022_20211207_401360184.json",TRUE,TRUE,NA
401360185,TRUE,"data/raw/2022/summary_2022_20211207_401360185.json",TRUE,TRUE,NA
401360186,TRUE,"data/raw/2022/summary_2022_20211207_401360186.json",TRUE,TRUE,NA
401360187,TRUE,"data/raw/2022/summary_2022_20211208_401360187.json",TRUE,TRUE,NA
401360188,TRUE,"data/raw/2022/summary_2022_20211208_401360188.json",TRUE,TRUE,NA
401360189,TRUE,"data/raw/2022/summary_2022_20211208_401360189.json",TRUE,TRUE,NA
401360190,TRUE,"data/raw/2022/summary_2022_20211209_401360190.json",TRUE,TRUE,NA
401360191,TRUE,"data/raw/2022/summary_2022_20211209_401360191.json",TRUE,TRUE,NA
401360192,TRUE,"data/raw/2022/summary_2022_20211209_401360192.json",TRUE,TRUE,NA
401360193,TRUE,"data/raw/2022/summary_2022_20211209_401360193.json",TRUE,TRUE,NA
401360194,TRUE,"data/raw/2022/summary_2022_20211209_401360194.json",TRUE,TRUE,NA
401360195,TRUE,"data/raw/2022/summary_2022_20211209_401360195.json",TRUE,TRUE,NA
401360196,TRUE,"data/raw/2022/summary_2022_20211209_401360196.json",TRUE,TRUE,NA
401360197,TRUE,"data/raw/2022/summary_2022_20211209_401360197.json",TRUE,TRUE,NA
401360198,TRUE,"data/raw/2022/summary_2022_20211209_401360198.json",TRUE,TRUE,NA
401360199,TRUE,"data/raw/2022/summary_2022_20211209_401360199.json",TRUE,TRUE,NA
401360200,TRUE,"data/raw/2022/summary_2022_20211209_401360200.json",TRUE,TRUE,NA
401360201,TRUE,"data/raw/2022/summary_2022_20211209_401360201.json",TRUE,TRUE,NA
401360202,TRUE,"data/raw/2022/summary_2022_20211209_401360202.json",TRUE,TRUE,NA
401360203,TRUE,"data/raw/2022/summary_2022_20211210_401360203.json",TRUE,TRUE,NA
401360204,TRUE,"data/raw/2022/summary_2022_20211210_401360204.json",TRUE,TRUE,NA
401360205,TRUE,"data/raw/2022/summary_2022_20211210_401360205.json",TRUE,TRUE,NA
401360206,TRUE,"data/raw/2022/summary_2022_20211211_401360206.json",TRUE,TRUE,NA
401360207,TRUE,"data/raw/2022/summary_2022_20211211_401360207.json",TRUE,TRUE,NA
401360208,TRUE,"data/raw/2022/summary_2022_20211211_401360208.json",TRUE,TRUE,NA
401360209,TRUE,"data/raw/2022/summary_2022_20211211_401360209.json",TRUE,TRUE,NA
401360210,TRUE,"data/raw/2022/summary_2022_20211211_401360210.json",TRUE,TRUE,NA
401360211,TRUE,"data/raw/2022/summary_2022_20211211_401360211.json",TRUE,TRUE,NA
401360212,TRUE,"data/raw/2022/summary_2022_20211211_401360212.json",TRUE,TRUE,NA
401360213,TRUE,"data/raw/2022/summary_2022_20211211_401360213.json",TRUE,TRUE,NA
401360214,TRUE,"data/raw/2022/summary_2022_20211211_401360214.json",TRUE,TRUE,NA
401360215,TRUE,"data/raw/2022/summary_2022_20211211_401360215.json",TRUE,TRUE,NA
401360216,TRUE,"data/raw/2022/summary_2022_20211212_401360216.json",TRUE,TRUE,NA
401360217,TRUE,"data/raw/2022/summary_2022_20211212_401360217.json",TRUE,TRUE,NA
401360218,TRUE,"data/raw/2022/summary_2022_20211212_401360218.json",TRUE,TRUE,NA
401360219,TRUE,"data/raw/2022/summary_2022_20211212_401360219.json",TRUE,TRUE,NA
401360220,TRUE,"data/raw/2022/summary_2022_20211212_401360220.json",TRUE,TRUE,NA
401360221,TRUE,"data/raw/2022/summary_2022_20211212_401360221.json",TRUE,TRUE,NA
401360222,TRUE,"data/raw/2022/summary_2022_20211212_401360222.json",TRUE,TRUE,NA
401360223,TRUE,"data/raw/2022/summary_2022_20211212_401360223.json",TRUE,TRUE,NA
401360224,TRUE,"data/raw/2022/summary_2022_20211213_401360224.json",TRUE,TRUE,NA
401360225,TRUE,"data/raw/2022/summary_2022_20211213_401360225.json",TRUE,TRUE,NA
401360226,TRUE,"data/raw/2022/summary_2022_20211213_401360226.json",TRUE,TRUE,NA
401360227,TRUE,"data/raw/2022/summary_2022_20211213_401360227.json",TRUE,TRUE,NA
401360228,TRUE,"data/raw/2022/summary_2022_20211214_401360228.json",TRUE,TRUE,NA
401360229,TRUE,"data/raw/2022/summary_2022_20211214_401360229.json",TRUE,TRUE,NA
401360230,TRUE,"data/raw/2022/summary_2022_20211214_401360230.json",TRUE,TRUE,NA
401360231,TRUE,"data/raw/2022/summary_2022_20211214_401360231.json",TRUE,TRUE,NA
401360232,TRUE,"data/raw/2022/summary_2022_20211214_401360232.json",TRUE,TRUE,NA
401360233,TRUE,"data/raw/2022/summary_2022_20211214_401360233.json",TRUE,TRUE,NA
401360234,TRUE,"data/raw/2022/summary_2022_20211214_401360234.json",TRUE,TRUE,NA
401360235,TRUE,"data/raw/2022/summary_2022_20211214_401360235.json",TRUE,TRUE,NA
401360236,TRUE,"data/raw/2022/summary_2022_20211214_401360236.json",TRUE,TRUE,NA
401360237,TRUE,"data/raw/2022/summary_2022_20211215_401360237.json",TRUE,TRUE,NA
401360238,TRUE,"data/raw/2022/summary_2022_20211215_401360238.json",TRUE,TRUE,NA
401360239,TRUE,"data/raw/2022/summary_2022_20211215_401360239.json",TRUE,FALSE,NA
401360240,TRUE,"data/raw/2022/summary_2022_20211215_401360240.json",TRUE,TRUE,NA
401360241,TRUE,"data/raw/2022/summary_2022_20211216_401360241.json",TRUE,TRUE,NA
401360242,TRUE,"data/raw/2022/summary_2022_20211216_401360242.json",TRUE,TRUE,NA
401360243,TRUE,"data/raw/2022/summary_2022_20211216_401360243.json",TRUE,TRUE,NA
401360244,TRUE,"data/raw/2022/summary_2022_20211216_401360244.json",TRUE,TRUE,NA
401360245,TRUE,"data/raw/2022/summary_2022_20211216_401360245.json",TRUE,TRUE,NA
401360246,TRUE,"data/raw/2022/summary_2022_20211216_401360246.json",TRUE,TRUE,NA
401360247,TRUE,"data/raw/2022/summary_2022_20211216_401360247.json",TRUE,TRUE,NA
401360248,TRUE,"data/raw/2022/summary_2022_20211216_401360248.json",TRUE,TRUE,NA
401360249,TRUE,"data/raw/2022/summary_2022_20211216_401360249.json",TRUE,TRUE,NA
401360250,TRUE,"data/raw/2022/summary_2022_20211216_401360250.json",TRUE,TRUE,NA
401360251,TRUE,"data/raw/2022/summary_2022_20211216_401360251.json",TRUE,TRUE,NA
401360252,TRUE,"data/raw/2022/summary_2022_20211217_401360252.json",TRUE,TRUE,NA
401360253,TRUE,"data/raw/2022/summary_2022_20211217_401360253.json",TRUE,TRUE,NA
401360254,TRUE,"data/raw/2022/summary_2022_20211217_401360254.json",TRUE,FALSE,NA
401360255,TRUE,"data/raw/2022/summary_2022_20211217_401360255.json",TRUE,TRUE,NA
401360256,TRUE,"data/raw/2022/summary_2022_20211217_401360256.json",TRUE,TRUE,NA
401360257,TRUE,"data/raw/2022/summary_2022_20211218_401360257.json",TRUE,TRUE,NA
401360258,TRUE,"data/raw/2022/summary_2022_20211218_401360258.json",TRUE,TRUE,NA
401360259,TRUE,"data/raw/2022/summary_2022_20211218_401360259.json",TRUE,TRUE,NA
401360262,TRUE,"data/raw/2022/summary_2022_20211218_401360262.json",TRUE,TRUE,NA
401360261,TRUE,"data/raw/2022/summary_2022_20211218_401360261.json",TRUE,TRUE,NA
401360260,TRUE,"data/raw/2022/summary_2022_20211218_401360260.json",TRUE,TRUE,NA
401360263,TRUE,"data/raw/2022/summary_2022_20211218_401360263.json",TRUE,TRUE,NA
401360264,TRUE,"data/raw/2022/summary_2022_20211218_401360264.json",TRUE,TRUE,NA
401360265,TRUE,"data/raw/2022/summary_2022_20211218_401360265.json",TRUE,TRUE,NA
401360269,TRUE,"data/raw/2022/summary_2022_20211219_401360269.json",TRUE,TRUE,NA
401360266,TRUE,"data/raw/2022/summary_2022_20211219_401360266.json",TRUE,TRUE,NA
401360267,TRUE,"data/raw/2022/summary_2022_20211219_401360267.json",TRUE,TRUE,NA
401360268,TRUE,"data/raw/2022/summary_2022_20211219_401360268.json",TRUE,TRUE,NA
401360270,TRUE,"data/raw/2022/summary_2022_20211219_401360270.json",TRUE,TRUE,NA
401360271,TRUE,"data/raw/2022/summary_2022_20211219_401360271.json",TRUE,TRUE,NA
401360273,TRUE,"data/raw/2022/summary_2022_20211219_401360273.json",TRUE,TRUE,NA
401360274,TRUE,"data/raw/2022/summary_2022_20211219_401360274.json",TRUE,TRUE,NA
401360275,TRUE,"data/raw/2022/summary_2022_20211219_401360275.json",TRUE,TRUE,NA
401360278,TRUE,"data/raw/2022/summary_2022_20211220_401360278.json",TRUE,FALSE,NA
401360276,TRUE,"data/raw/2022/summary_2022_20211220_401360276.json",TRUE,FALSE,NA
401360277,TRUE,"data/raw/2022/summary_2022_20211220_401360277.json",TRUE,FALSE,NA
401360272,TRUE,"data/raw/2022/summary_2022_20211220_401360272.json",TRUE,TRUE,NA
401360279,TRUE,"data/raw/2022/summary_2022_20211220_401360279.json",TRUE,TRUE,NA
401360280,TRUE,"data/raw/2022/summary_2022_20211220_401360280.json",TRUE,TRUE,NA
401360281,TRUE,"data/raw/2022/summary_2022_20211221_401360281.json",TRUE,TRUE,NA
401360282,TRUE,"data/raw/2022/summary_2022_20211221_401360282.json",TRUE,FALSE,NA
401360283,TRUE,"data/raw/2022/summary_2022_20211221_401360283.json",TRUE,TRUE,NA
401360284,TRUE,"data/raw/2022/summary_2022_20211221_401360284.json",TRUE,TRUE,NA
401360285,TRUE,"data/raw/2022/summary_2022_20211221_401360285.json",TRUE,TRUE,NA
401360286,TRUE,"data/raw/2022/summary_2022_20211221_401360286.json",TRUE,TRUE,NA
401360287,TRUE,"data/raw/2022/summary_2022_20211221_401360287.json",TRUE,TRUE,NA
401360288,TRUE,"data/raw/2022/summary_2022_20211222_401360288.json",TRUE,FALSE,NA
401360289,TRUE,"data/raw/2022/summary_2022_20211222_401360289.json",TRUE,TRUE,NA
401360290,TRUE,"data/raw/2022/summary_2022_20211222_401360290.json",TRUE,TRUE,NA
401360291,TRUE,"data/raw/2022/summary_2022_20211222_401360291.json",TRUE,TRUE,NA
401360292,TRUE,"data/raw/2022/summary_2022_20211222_401360292.json",TRUE,TRUE,NA
401360293,TRUE,"data/raw/2022/summary_2022_20211222_401360293.json",TRUE,TRUE,NA
401360294,TRUE,"data/raw/2022/summary_2022_20211223_401360294.json",TRUE,TRUE,NA
401360295,TRUE,"data/raw/2022/summary_2022_20211223_401360295.json",TRUE,TRUE,NA
401360296,TRUE,"data/raw/2022/summary_2022_20211223_401360296.json",TRUE,FALSE,NA
401360297,TRUE,"data/raw/2022/summary_2022_20211223_401360297.json",TRUE,TRUE,NA
401360298,TRUE,"data/raw/2022/summary_2022_20211223_401360298.json",TRUE,TRUE,NA
401360299,TRUE,"data/raw/2022/summary_2022_20211223_401360299.json",TRUE,TRUE,NA
401360300,TRUE,"data/raw/2022/summary_2022_20211224_401360300.json",TRUE,TRUE,NA
401360301,TRUE,"data/raw/2022/summary_2022_20211224_401360301.json",TRUE,TRUE,NA
401360302,TRUE,"data/raw/2022/summary_2022_20211224_401360302.json",TRUE,TRUE,NA
401360303,TRUE,"data/raw/2022/summary_2022_20211224_401360303.json",TRUE,TRUE,NA
401360304,TRUE,"data/raw/2022/summary_2022_20211224_401360304.json",TRUE,TRUE,NA
401360305,TRUE,"data/raw/2022/summary_2022_20211224_401360305.json",TRUE,TRUE,NA
401360306,TRUE,"data/raw/2022/summary_2022_20211224_401360306.json",TRUE,TRUE,NA
401360307,TRUE,"data/raw/2022/summary_2022_20211224_401360307.json",TRUE,TRUE,NA
401360308,TRUE,"data/raw/2022/summary_2022_20211224_401360308.json",TRUE,TRUE,NA
401360309,TRUE,"data/raw/2022/summary_2022_20211224_401360309.json",TRUE,TRUE,NA
401360310,TRUE,"data/raw/2022/summary_2022_20211224_401360310.json",TRUE,FALSE,NA
401360311,TRUE,"data/raw/2022/summary_2022_20211224_401360311.json",TRUE,TRUE,NA
401358781,TRUE,"data/raw/2022/summary_2022_20211225_401358781.json",TRUE,TRUE,NA
401358782,TRUE,"data/raw/2022/summary_2022_20211225_401358782.json",TRUE,TRUE,NA
401358783,TRUE,"data/raw/2022/summary_2022_20211225_401358783.json",TRUE,TRUE,NA
401358784,TRUE,"data/raw/2022/summary_2022_20211226_401358784.json",TRUE,TRUE,NA
401358785,TRUE,"data/raw/2022/summary_2022_20211226_401358785.json",TRUE,TRUE,NA
401360312,TRUE,"data/raw/2022/summary_2022_20211226_401360312.json",TRUE,TRUE,NA
401360313,TRUE,"data/raw/2022/summary_2022_20211226_401360313.json",TRUE,TRUE,NA
401360314,TRUE,"data/raw/2022/summary_2022_20211226_401360314.json",TRUE,TRUE,NA
401360315,TRUE,"data/raw/2022/summary_2022_20211226_401360315.json",TRUE,TRUE,NA
401360316,TRUE,"data/raw/2022/summary_2022_20211227_401360316.json",TRUE,TRUE,NA
401360317,TRUE,"data/raw/2022/summary_2022_20211227_401360317.json",TRUE,TRUE,NA
401360318,TRUE,"data/raw/2022/summary_2022_20211227_401360318.json",TRUE,TRUE,NA
401360319,TRUE,"data/raw/2022/summary_2022_20211227_401360319.json",TRUE,TRUE,NA
401360320,TRUE,"data/raw/2022/summary_2022_20211228_401360320.json",TRUE,TRUE,NA
401360321,TRUE,"data/raw/2022/summary_2022_20211228_401360321.json",TRUE,TRUE,NA
401360322,TRUE,"data/raw/2022/summary_2022_20211228_401360322.json",TRUE,TRUE,NA
401360323,TRUE,"data/raw/2022/summary_2022_20211228_401360323.json",TRUE,TRUE,NA
401360324,TRUE,"data/raw/2022/summary_2022_20211228_401360324.json",TRUE,TRUE,NA
401360325,TRUE,"data/raw/2022/summary_2022_20211228_401360325.json",TRUE,TRUE,NA
401360326,TRUE,"data/raw/2022/summary_2022_20211228_401360326.json",TRUE,TRUE,NA
401360327,TRUE,"data/raw/2022/summary_2022_20211229_401360327.json",TRUE,TRUE,NA
401360328,TRUE,"data/raw/2022/summary_2022_20211229_401360328.json",TRUE,TRUE,NA
401360329,TRUE,"data/raw/2022/summary_2022_20211229_401360329.json",TRUE,TRUE,NA
401360330,TRUE,"data/raw/2022/summary_2022_20211229_401360330.json",TRUE,TRUE,NA
401360331,TRUE,"data/raw/2022/summary_2022_20211229_401360331.json",TRUE,TRUE,NA
401360332,TRUE,"data/raw/2022/summary_2022_20211229_401360332.json",TRUE,TRUE,NA
401360333,TRUE,"data/raw/2022/summary_2022_20211229_401360333.json",TRUE,TRUE,NA
401360334,TRUE,"data/raw/2022/summary_2022_20211229_401360334.json",TRUE,TRUE,NA
401360335,TRUE,"data/raw/2022/summary_2022_20211230_401360335.json",TRUE,TRUE,NA
401360336,TRUE,"data/raw/2022/summary_2022_20211230_401360336.json",TRUE,TRUE,NA
401360337,TRUE,"data/raw/2022/summary_2022_20211230_401360337.json",TRUE,TRUE,NA
401360338,TRUE,"data/raw/2022/summary_2022_20211230_401360338.json",TRUE,TRUE,NA
401360339,TRUE,"data/raw/2022/summary_2022_20211230_401360339.json",TRUE,TRUE,NA
401360340,TRUE,"data/raw/2022/summary_2022_20211230_401360340.json",TRUE,FALSE,NA
401360341,TRUE,"data/raw/2022/summary_2022_20211230_401360341.json",TRUE,TRUE,NA
401360342,TRUE,"data/raw/2022/summary_2022_20211230_401360342.json",TRUE,TRUE,NA
401360343,TRUE,"data/raw/2022/summary_2022_20211230_401360343.json",TRUE,TRUE,NA
401360344,TRUE,"data/raw/2022/summary_2022_20211231_401360344.json",TRUE,TRUE,NA
401360345,TRUE,"data/raw/2022/summary_2022_20211231_401360345.json",TRUE,TRUE,NA
401360346,TRUE,"data/raw/2022/summary_2022_20211231_401360346.json",TRUE,TRUE,NA
401360347,TRUE,"data/raw/2022/summary_2022_20211231_401360347.json",TRUE,FALSE,NA
401360348,TRUE,"data/raw/2022/summary_2022_20211231_401360348.json",TRUE,TRUE,NA
401360349,TRUE,"data/raw/2022/summary_2022_20211231_401360349.json",TRUE,TRUE,NA
401360350,TRUE,"data/raw/2022/summary_2022_20211231_401360350.json",TRUE,TRUE,NA
401360351,TRUE,"data/raw/2022/summary_2022_20220101_401360351.json",TRUE,TRUE,NA
401360352,TRUE,"data/raw/2022/summary_2022_20220101_401360352.json",TRUE,TRUE,NA
401360353,TRUE,"data/raw/2022/summary_2022_20220101_401360353.json",TRUE,TRUE,NA
401360354,TRUE,"data/raw/2022/summary_2022_20220101_401360354.json",TRUE,TRUE,NA
401360355,TRUE,"data/raw/2022/summary_2022_20220101_401360355.json",TRUE,TRUE,NA
401360356,TRUE,"data/raw/2022/summary_2022_20220101_401360356.json",TRUE,TRUE,NA
401360357,TRUE,"data/raw/2022/summary_2022_20220101_401360357.json",TRUE,TRUE,NA
401360358,TRUE,"data/raw/2022/summary_2022_20220101_401360358.json",TRUE,TRUE,NA
401360359,TRUE,"data/raw/2022/summary_2022_20220102_401360359.json",TRUE,TRUE,NA
401360360,TRUE,"data/raw/2022/summary_2022_20220102_401360360.json",TRUE,TRUE,NA
401360361,TRUE,"data/raw/2022/summary_2022_20220102_401360361.json",TRUE,TRUE,NA
401360362,TRUE,"data/raw/2022/summary_2022_20220102_401360362.json",TRUE,TRUE,NA
401360363,TRUE,"data/raw/2022/summary_2022_20220102_401360363.json",TRUE,TRUE,NA
401360364,TRUE,"data/raw/2022/summary_2022_20220102_401360364.json",TRUE,TRUE,NA
401360365,TRUE,"data/raw/2022/summary_2022_20220102_401360365.json",TRUE,TRUE,NA
401360366,TRUE,"data/raw/2022/summary_2022_20220102_401360366.json",TRUE,TRUE,NA
401360367,TRUE,"data/raw/2022/summary_2022_20220102_401360367.json",TRUE,TRUE,NA
401360368,TRUE,"data/raw/2022/summary_2022_20220103_401360368.json",TRUE,TRUE,NA
401360369,TRUE,"data/raw/2022/summary_2022_20220103_401360369.json",TRUE,TRUE,NA
401360370,TRUE,"data/raw/2022/summary_2022_20220103_401360370.json",TRUE,TRUE,NA
401360371,TRUE,"data/raw/2022/summary_2022_20220104_401360371.json",TRUE,TRUE,NA
401360372,TRUE,"data/raw/2022/summary_2022_20220104_401360372.json",TRUE,TRUE,NA
401360373,TRUE,"data/raw/2022/summary_2022_20220104_401360373.json",TRUE,TRUE,NA
401360374,TRUE,"data/raw/2022/summary_2022_20220104_401360374.json",TRUE,TRUE,NA
401360375,TRUE,"data/raw/2022/summary_2022_20220104_401360375.json",TRUE,TRUE,NA
401360376,TRUE,"data/raw/2022/summary_2022_20220104_401360376.json",TRUE,TRUE,NA
401360377,TRUE,"data/raw/2022/summary_2022_20220104_401360377.json",TRUE,TRUE,NA
401360378,TRUE,"data/raw/2022/summary_2022_20220104_401360378.json",TRUE,TRUE,NA
401360379,TRUE,"data/raw/2022/summary_2022_20220104_401360379.json",TRUE,TRUE,NA
401360380,TRUE,"data/raw/2022/summary_2022_20220104_401360380.json",TRUE,TRUE,NA
401360381,TRUE,"data/raw/2022/summary_2022_20220105_401360381.json",TRUE,TRUE,NA
401360382,TRUE,"data/raw/2022/summary_2022_20220105_401360382.json",TRUE,TRUE,NA
401360383,TRUE,"data/raw/2022/summary_2022_20220105_401360383.json",TRUE,TRUE,NA
401360384,TRUE,"data/raw/2022/summary_2022_20220105_401360384.json",TRUE,TRUE,NA
401360385,TRUE,"data/raw/2022/summary_2022_20220105_401360385.json",TRUE,TRUE,NA
401360386,TRUE,"data/raw/2022/summary_2022_20220106_401360386.json",TRUE,TRUE,NA
401360387,TRUE,"data/raw/2022/summary_2022_20220106_401360387.json",TRUE,TRUE,NA
401360388,TRUE,"data/raw/2022/summary_2022_20220106_401360388.json",TRUE,TRUE,NA
401360389,TRUE,"data/raw/2022/summary_2022_20220106_401360389.json",TRUE,TRUE,NA
401360390,TRUE,"data/raw/2022/summary_2022_20220106_401360390.json",TRUE,TRUE,NA
401360391,TRUE,"data/raw/2022/summary_2022_20220106_401360391.json",TRUE,TRUE,NA
401360392,TRUE,"data/raw/2022/summary_2022_20220106_401360392.json",TRUE,TRUE,NA
401360393,TRUE,"data/raw/2022/summary_2022_20220106_401360393.json",TRUE,TRUE,NA
401360394,TRUE,"data/raw/2022/summary_2022_20220106_401360394.json",TRUE,TRUE,NA
401360395,TRUE,"data/raw/2022/summary_2022_20220106_401360395.json",TRUE,TRUE,NA
401360396,TRUE,"data/raw/2022/summary_2022_20220106_401360396.json",TRUE,TRUE,NA
401360397,TRUE,"data/raw/2022/summary_2022_20220107_401360397.json",TRUE,TRUE,NA
401360398,TRUE,"data/raw/2022/summary_2022_20220107_401360398.json",TRUE,TRUE,NA
401360399,TRUE,"data/raw/2022/summary_2022_20220107_401360399.json",TRUE,TRUE,NA
401360400,TRUE,"data/raw/2022/summary_2022_20220107_401360400.json",TRUE,TRUE,NA
401360401,TRUE,"data/raw/2022/summary_2022_20220108_401360401.json",TRUE,TRUE,NA
401360402,TRUE,"data/raw/2022/summary_2022_20220108_401360402.json",TRUE,TRUE,NA
401360403,TRUE,"data/raw/2022/summary_2022_20220108_401360403.json",TRUE,TRUE,NA
401360404,TRUE,"data/raw/2022/summary_2022_20220108_401360404.json",TRUE,TRUE,NA
401360405,TRUE,"data/raw/2022/summary_2022_20220108_401360405.json",TRUE,TRUE,NA
401360406,TRUE,"data/raw/2022/summary_2022_20220108_401360406.json",TRUE,TRUE,NA
401360407,TRUE,"data/raw/2022/summary_2022_20220108_401360407.json",TRUE,TRUE,NA
401360408,TRUE,"data/raw/2022/summary_2022_20220108_401360408.json",TRUE,TRUE,NA
401360409,TRUE,"data/raw/2022/summary_2022_20220108_401360409.json",TRUE,TRUE,NA
401360410,TRUE,"data/raw/2022/summary_2022_20220108_401360410.json",TRUE,TRUE,NA
401360411,TRUE,"data/raw/2022/summary_2022_20220109_401360411.json",TRUE,TRUE,NA
401360412,TRUE,"data/raw/2022/summary_2022_20220109_401360412.json",TRUE,TRUE,NA
401360413,TRUE,"data/raw/2022/summary_2022_20220109_401360413.json",TRUE,TRUE,NA
401360414,TRUE,"data/raw/2022/summary_2022_20220109_401360414.json",TRUE,TRUE,NA
401360415,TRUE,"data/raw/2022/summary_2022_20220109_401360415.json",TRUE,TRUE,NA
401360421,TRUE,"data/raw/2022/summary_2022_20220109_401360421.json",TRUE,TRUE,NA
401360416,TRUE,"data/raw/2022/summary_2022_20220109_401360416.json",TRUE,TRUE,NA
401360417,TRUE,"data/raw/2022/summary_2022_20220109_401360417.json",TRUE,TRUE,NA
401360418,TRUE,"data/raw/2022/summary_2022_20220109_401360418.json",TRUE,TRUE,NA
401360419,TRUE,"data/raw/2022/summary_2022_20220110_401360419.json",TRUE,TRUE,NA
401360420,TRUE,"data/raw/2022/summary_2022_20220110_401360420.json",TRUE,TRUE,NA
401360422,TRUE,"data/raw/2022/summary_2022_20220110_401360422.json",TRUE,TRUE,NA
401360423,TRUE,"data/raw/2022/summary_2022_20220110_401360423.json",TRUE,TRUE,NA
401360424,TRUE,"data/raw/2022/summary_2022_20220110_401360424.json",TRUE,TRUE,NA
401360425,TRUE,"data/raw/2022/summary_2022_20220110_401360425.json",TRUE,TRUE,NA
401360426,TRUE,"data/raw/2022/summary_2022_20220111_401360426.json",TRUE,TRUE,NA
401360427,TRUE,"data/raw/2022/summary_2022_20220111_401360427.json",TRUE,TRUE,NA
401360428,TRUE,"data/raw/2022/summary_2022_20220111_401360428.json",TRUE,TRUE,NA
401360429,TRUE,"data/raw/2022/summary_2022_20220111_401360429.json",TRUE,TRUE,NA
401360530,TRUE,"data/raw/2022/summary_2022_20220111_401360530.json",TRUE,TRUE,NA
401360430,TRUE,"data/raw/2022/summary_2022_20220111_401360430.json",TRUE,TRUE,NA
401401133,TRUE,"data/raw/2022/summary_2022_20220111_401401133.json",TRUE,TRUE,NA
401360431,TRUE,"data/raw/2022/summary_2022_20220112_401360431.json",TRUE,TRUE,NA
401360432,TRUE,"data/raw/2022/summary_2022_20220112_401360432.json",TRUE,TRUE,NA
401360433,TRUE,"data/raw/2022/summary_2022_20220112_401360433.json",TRUE,TRUE,NA
401360434,TRUE,"data/raw/2022/summary_2022_20220112_401360434.json",TRUE,TRUE,NA
401401138,TRUE,"data/raw/2022/summary_2022_20220112_401401138.json",TRUE,TRUE,NA
401360435,TRUE,"data/raw/2022/summary_2022_20220112_401360435.json",TRUE,TRUE,NA
401360437,TRUE,"data/raw/2022/summary_2022_20220113_401360437.json",TRUE,TRUE,NA
401360438,TRUE,"data/raw/2022/summary_2022_20220113_401360438.json",TRUE,TRUE,NA
401360439,TRUE,"data/raw/2022/summary_2022_20220113_401360439.json",TRUE,TRUE,NA
401360440,TRUE,"data/raw/2022/summary_2022_20220113_401360440.json",TRUE,TRUE,NA
401360441,TRUE,"data/raw/2022/summary_2022_20220113_401360441.json",TRUE,TRUE,NA
401360442,TRUE,"data/raw/2022/summary_2022_20220113_401360442.json",TRUE,TRUE,NA
401360443,TRUE,"data/raw/2022/summary_2022_20220113_401360443.json",TRUE,TRUE,NA
401360444,TRUE,"data/raw/2022/summary_2022_20220113_401360444.json",TRUE,TRUE,NA
401360445,TRUE,"data/raw/2022/summary_2022_20220113_401360445.json",TRUE,TRUE,NA
401360446,TRUE,"data/raw/2022/summary_2022_20220114_401360446.json",TRUE,TRUE,NA
401360447,TRUE,"data/raw/2022/summary_2022_20220114_401360447.json",TRUE,TRUE,NA
401360448,TRUE,"data/raw/2022/summary_2022_20220114_401360448.json",TRUE,TRUE,NA
401360449,TRUE,"data/raw/2022/summary_2022_20220114_401360449.json",TRUE,TRUE,NA
401360450,TRUE,"data/raw/2022/summary_2022_20220114_401360450.json",TRUE,TRUE,NA
401360451,TRUE,"data/raw/2022/summary_2022_20220115_401360451.json",TRUE,TRUE,NA
401360452,TRUE,"data/raw/2022/summary_2022_20220115_401360452.json",TRUE,TRUE,NA
401360453,TRUE,"data/raw/2022/summary_2022_20220115_401360453.json",TRUE,TRUE,NA
401360454,TRUE,"data/raw/2022/summary_2022_20220115_401360454.json",TRUE,TRUE,NA
401360456,TRUE,"data/raw/2022/summary_2022_20220115_401360456.json",TRUE,TRUE,NA
401360455,TRUE,"data/raw/2022/summary_2022_20220115_401360455.json",TRUE,TRUE,NA
401360457,TRUE,"data/raw/2022/summary_2022_20220115_401360457.json",TRUE,TRUE,NA
401360458,TRUE,"data/raw/2022/summary_2022_20220115_401360458.json",TRUE,TRUE,NA
401360459,TRUE,"data/raw/2022/summary_2022_20220115_401360459.json",TRUE,TRUE,NA
401360460,TRUE,"data/raw/2022/summary_2022_20220115_401360460.json",TRUE,TRUE,NA
401360461,TRUE,"data/raw/2022/summary_2022_20220116_401360461.json",TRUE,TRUE,NA
401360462,TRUE,"data/raw/2022/summary_2022_20220116_401360462.json",TRUE,TRUE,NA
401360463,TRUE,"data/raw/2022/summary_2022_20220116_401360463.json",TRUE,TRUE,NA
401360464,TRUE,"data/raw/2022/summary_2022_20220116_401360464.json",TRUE,TRUE,NA
401360465,TRUE,"data/raw/2022/summary_2022_20220116_401360465.json",TRUE,TRUE,NA
401360466,TRUE,"data/raw/2022/summary_2022_20220116_401360466.json",TRUE,TRUE,NA
401360467,TRUE,"data/raw/2022/summary_2022_20220116_401360467.json",TRUE,TRUE,NA
401360468,TRUE,"data/raw/2022/summary_2022_20220116_401360468.json",TRUE,TRUE,NA
401360469,TRUE,"data/raw/2022/summary_2022_20220116_401360469.json",TRUE,TRUE,NA
401360436,TRUE,"data/raw/2022/summary_2022_20220116_401360436.json",TRUE,TRUE,NA
401360470,TRUE,"data/raw/2022/summary_2022_20220116_401360470.json",TRUE,TRUE,NA
401360471,TRUE,"data/raw/2022/summary_2022_20220117_401360471.json",TRUE,TRUE,NA
401360472,TRUE,"data/raw/2022/summary_2022_20220117_401360472.json",TRUE,TRUE,NA
401360473,TRUE,"data/raw/2022/summary_2022_20220117_401360473.json",TRUE,TRUE,NA
401360474,TRUE,"data/raw/2022/summary_2022_20220117_401360474.json",TRUE,TRUE,NA
401360475,TRUE,"data/raw/2022/summary_2022_20220117_401360475.json",TRUE,TRUE,NA
401360476,TRUE,"data/raw/2022/summary_2022_20220117_401360476.json",TRUE,TRUE,NA
401360477,TRUE,"data/raw/2022/summary_2022_20220117_401360477.json",TRUE,TRUE,NA
401360478,TRUE,"data/raw/2022/summary_2022_20220117_401360478.json",TRUE,TRUE,NA
401360479,TRUE,"data/raw/2022/summary_2022_20220117_401360479.json",TRUE,TRUE,NA
401360480,TRUE,"data/raw/2022/summary_2022_20220118_401360480.json",TRUE,TRUE,NA
401360481,TRUE,"data/raw/2022/summary_2022_20220118_401360481.json",TRUE,TRUE,NA
401360482,TRUE,"data/raw/2022/summary_2022_20220118_401360482.json",TRUE,TRUE,NA
401360483,TRUE,"data/raw/2022/summary_2022_20220118_401360483.json",TRUE,TRUE,NA
401360484,TRUE,"data/raw/2022/summary_2022_20220118_401360484.json",TRUE,TRUE,NA
401360485,TRUE,"data/raw/2022/summary_2022_20220119_401360485.json",TRUE,TRUE,NA
401360486,TRUE,"data/raw/2022/summary_2022_20220119_401360486.json",TRUE,TRUE,NA
401360487,TRUE,"data/raw/2022/summary_2022_20220120_401360487.json",TRUE,TRUE,NA
401360488,TRUE,"data/raw/2022/summary_2022_20220120_401360488.json",TRUE,TRUE,NA
401360489,TRUE,"data/raw/2022/summary_2022_20220120_401360489.json",TRUE,TRUE,NA
401360490,TRUE,"data/raw/2022/summary_2022_20220120_401360490.json",TRUE,TRUE,NA
401360491,TRUE,"data/raw/2022/summary_2022_20220120_401360491.json",TRUE,TRUE,NA
401360492,TRUE,"data/raw/2022/summary_2022_20220120_401360492.json",TRUE,TRUE,NA
401360493,TRUE,"data/raw/2022/summary_2022_20220120_401360493.json",TRUE,TRUE,NA
401360494,TRUE,"data/raw/2022/summary_2022_20220120_401360494.json",TRUE,TRUE,NA
401360495,TRUE,"data/raw/2022/summary_2022_20220120_401360495.json",TRUE,TRUE,NA
401360496,TRUE,"data/raw/2022/summary_2022_20220120_401360496.json",TRUE,TRUE,NA
401360497,TRUE,"data/raw/2022/summary_2022_20220120_401360497.json",TRUE,TRUE,NA
401360498,TRUE,"data/raw/2022/summary_2022_20220120_401360498.json",TRUE,TRUE,NA
401360499,TRUE,"data/raw/2022/summary_2022_20220120_401360499.json",TRUE,TRUE,NA
401360500,TRUE,"data/raw/2022/summary_2022_20220121_401360500.json",TRUE,TRUE,NA
401360501,TRUE,"data/raw/2022/summary_2022_20220121_401360501.json",TRUE,TRUE,NA
401360502,TRUE,"data/raw/2022/summary_2022_20220121_401360502.json",TRUE,TRUE,NA
401360503,TRUE,"data/raw/2022/summary_2022_20220122_401360503.json",TRUE,TRUE,NA
401360504,TRUE,"data/raw/2022/summary_2022_20220122_401360504.json",TRUE,TRUE,NA
401360505,TRUE,"data/raw/2022/summary_2022_20220122_401360505.json",TRUE,TRUE,NA
401360506,TRUE,"data/raw/2022/summary_2022_20220122_401360506.json",TRUE,TRUE,NA
401360507,TRUE,"data/raw/2022/summary_2022_20220122_401360507.json",TRUE,TRUE,NA
401360508,TRUE,"data/raw/2022/summary_2022_20220122_401360508.json",TRUE,TRUE,NA
401360509,TRUE,"data/raw/2022/summary_2022_20220122_401360509.json",TRUE,TRUE,NA
401360510,TRUE,"data/raw/2022/summary_2022_20220122_401360510.json",TRUE,TRUE,NA
401360511,TRUE,"data/raw/2022/summary_2022_20220122_401360511.json",TRUE,TRUE,NA
401360512,TRUE,"data/raw/2022/summary_2022_20220122_401360512.json",TRUE,TRUE,NA
401360513,TRUE,"data/raw/2022/summary_2022_20220122_401360513.json",TRUE,TRUE,NA
401360515,TRUE,"data/raw/2022/summary_2022_20220123_401360515.json",TRUE,TRUE,NA
401360514,TRUE,"data/raw/2022/summary_2022_20220123_401360514.json",TRUE,TRUE,NA
401360516,TRUE,"data/raw/2022/summary_2022_20220123_401360516.json",TRUE,TRUE,NA
401360517,TRUE,"data/raw/2022/summary_2022_20220123_401360517.json",TRUE,TRUE,NA
401360518,TRUE,"data/raw/2022/summary_2022_20220123_401360518.json",TRUE,TRUE,NA
401360519,TRUE,"data/raw/2022/summary_2022_20220123_401360519.json",TRUE,TRUE,NA
401360520,TRUE,"data/raw/2022/summary_2022_20220123_401360520.json",TRUE,TRUE,NA
401360521,TRUE,"data/raw/2022/summary_2022_20220123_401360521.json",TRUE,TRUE,NA
401360522,TRUE,"data/raw/2022/summary_2022_20220124_401360522.json",TRUE,TRUE,NA
401360523,TRUE,"data/raw/2022/summary_2022_20220124_401360523.json",TRUE,TRUE,NA
401360524,TRUE,"data/raw/2022/summary_2022_20220124_401360524.json",TRUE,TRUE,NA
401360525,TRUE,"data/raw/2022/summary_2022_20220124_401360525.json",TRUE,TRUE,NA
401360526,TRUE,"data/raw/2022/summary_2022_20220124_401360526.json",TRUE,TRUE,NA
401360527,TRUE,"data/raw/2022/summary_2022_20220124_401360527.json",TRUE,TRUE,NA
401360528,TRUE,"data/raw/2022/summary_2022_20220125_401360528.json",TRUE,TRUE,NA
401360531,TRUE,"data/raw/2022/summary_2022_20220125_401360531.json",TRUE,TRUE,NA
401360549,TRUE,"data/raw/2022/summary_2022_20220125_401360549.json",TRUE,TRUE,NA
401360532,TRUE,"data/raw/2022/summary_2022_20220125_401360532.json",TRUE,TRUE,NA
401360533,TRUE,"data/raw/2022/summary_2022_20220126_401360533.json",TRUE,TRUE,NA
401360534,TRUE,"data/raw/2022/summary_2022_20220126_401360534.json",TRUE,TRUE,NA
401360535,TRUE,"data/raw/2022/summary_2022_20220126_401360535.json",TRUE,TRUE,NA
401401137,TRUE,"data/raw/2022/summary_2022_20220126_401401137.json",TRUE,TRUE,NA
401360536,TRUE,"data/raw/2022/summary_2022_20220126_401360536.json",TRUE,TRUE,NA
401360537,TRUE,"data/raw/2022/summary_2022_20220126_401360537.json",TRUE,TRUE,NA
401360538,TRUE,"data/raw/2022/summary_2022_20220126_401360538.json",TRUE,TRUE,NA
401360539,TRUE,"data/raw/2022/summary_2022_20220126_401360539.json",TRUE,TRUE,NA
401360540,TRUE,"data/raw/2022/summary_2022_20220126_401360540.json",TRUE,TRUE,NA
401360541,TRUE,"data/raw/2022/summary_2022_20220127_401360541.json",TRUE,TRUE,NA
401360542,TRUE,"data/raw/2022/summary_2022_20220127_401360542.json",TRUE,TRUE,NA
401360543,TRUE,"data/raw/2022/summary_2022_20220127_401360543.json",TRUE,TRUE,NA
401360544,TRUE,"data/raw/2022/summary_2022_20220127_401360544.json",TRUE,TRUE,NA
401360546,TRUE,"data/raw/2022/summary_2022_20220127_401360546.json",TRUE,TRUE,NA
401401134,TRUE,"data/raw/2022/summary_2022_20220127_401401134.json",TRUE,TRUE,NA
401401140,TRUE,"data/raw/2022/summary_2022_20220127_401401140.json",TRUE,TRUE,NA
401360547,TRUE,"data/raw/2022/summary_2022_20220127_401360547.json",TRUE,TRUE,NA
401360550,TRUE,"data/raw/2022/summary_2022_20220127_401360550.json",TRUE,TRUE,NA
401360551,TRUE,"data/raw/2022/summary_2022_20220127_401360551.json",TRUE,TRUE,NA
401360552,TRUE,"data/raw/2022/summary_2022_20220128_401360552.json",TRUE,TRUE,NA
401360553,TRUE,"data/raw/2022/summary_2022_20220128_401360553.json",TRUE,TRUE,NA
401360555,TRUE,"data/raw/2022/summary_2022_20220129_401360555.json",TRUE,TRUE,NA
401360554,TRUE,"data/raw/2022/summary_2022_20220129_401360554.json",TRUE,TRUE,NA
401360556,TRUE,"data/raw/2022/summary_2022_20220129_401360556.json",TRUE,TRUE,NA
401360548,TRUE,"data/raw/2022/summary_2022_20220129_401360548.json",TRUE,TRUE,NA
401360557,TRUE,"data/raw/2022/summary_2022_20220129_401360557.json",TRUE,TRUE,NA
401360558,TRUE,"data/raw/2022/summary_2022_20220129_401360558.json",TRUE,TRUE,NA
401360559,TRUE,"data/raw/2022/summary_2022_20220129_401360559.json",TRUE,TRUE,NA
401360560,TRUE,"data/raw/2022/summary_2022_20220129_401360560.json",TRUE,TRUE,NA
401360561,TRUE,"data/raw/2022/summary_2022_20220129_401360561.json",TRUE,TRUE,NA
401360562,TRUE,"data/raw/2022/summary_2022_20220129_401360562.json",TRUE,TRUE,NA
401360563,TRUE,"data/raw/2022/summary_2022_20220129_401360563.json",TRUE,TRUE,NA
401360564,TRUE,"data/raw/2022/summary_2022_20220130_401360564.json",TRUE,TRUE,NA
401360565,TRUE,"data/raw/2022/summary_2022_20220130_401360565.json",TRUE,TRUE,NA
401360566,TRUE,"data/raw/2022/summary_2022_20220130_401360566.json",TRUE,TRUE,NA
401360567,TRUE,"data/raw/2022/summary_2022_20220130_401360567.json",TRUE,TRUE,NA
401360568,TRUE,"data/raw/2022/summary_2022_20220130_401360568.json",TRUE,TRUE,NA
401360569,TRUE,"data/raw/2022/summary_2022_20220130_401360569.json",TRUE,TRUE,NA
401360570,TRUE,"data/raw/2022/summary_2022_20220130_401360570.json",TRUE,TRUE,NA
401360571,TRUE,"data/raw/2022/summary_2022_20220130_401360571.json",TRUE,TRUE,NA
401360572,TRUE,"data/raw/2022/summary_2022_20220130_401360572.json",TRUE,TRUE,NA
401360573,TRUE,"data/raw/2022/summary_2022_20220130_401360573.json",TRUE,TRUE,NA
401360574,TRUE,"data/raw/2022/summary_2022_20220131_401360574.json",TRUE,TRUE,NA
401360575,TRUE,"data/raw/2022/summary_2022_20220131_401360575.json",TRUE,TRUE,NA
401360576,TRUE,"data/raw/2022/summary_2022_20220131_401360576.json",TRUE,TRUE,NA
401360577,TRUE,"data/raw/2022/summary_2022_20220131_401360577.json",TRUE,TRUE,NA
401360578,TRUE,"data/raw/2022/summary_2022_20220201_401360578.json",TRUE,TRUE,NA
401360579,TRUE,"data/raw/2022/summary_2022_20220201_401360579.json",TRUE,TRUE,NA
401360580,TRUE,"data/raw/2022/summary_2022_20220201_401360580.json",TRUE,TRUE,NA
401360581,TRUE,"data/raw/2022/summary_2022_20220201_401360581.json",TRUE,TRUE,NA
401360582,TRUE,"data/raw/2022/summary_2022_20220201_401360582.json",TRUE,TRUE,NA
401360586,TRUE,"data/raw/2022/summary_2022_20220201_401360586.json",TRUE,TRUE,NA
401360583,TRUE,"data/raw/2022/summary_2022_20220201_401360583.json",TRUE,TRUE,NA
401360584,TRUE,"data/raw/2022/summary_2022_20220201_401360584.json",TRUE,TRUE,NA
401360585,TRUE,"data/raw/2022/summary_2022_20220202_401360585.json",TRUE,TRUE,NA
401360587,TRUE,"data/raw/2022/summary_2022_20220202_401360587.json",TRUE,TRUE,NA
401360603,TRUE,"data/raw/2022/summary_2022_20220202_401360603.json",TRUE,TRUE,NA
401360588,TRUE,"data/raw/2022/summary_2022_20220202_401360588.json",TRUE,TRUE,NA
401360589,TRUE,"data/raw/2022/summary_2022_20220202_401360589.json",TRUE,TRUE,NA
401360590,TRUE,"data/raw/2022/summary_2022_20220202_401360590.json",TRUE,TRUE,NA
401360591,TRUE,"data/raw/2022/summary_2022_20220202_401360591.json",TRUE,TRUE,NA
401360592,TRUE,"data/raw/2022/summary_2022_20220203_401360592.json",TRUE,TRUE,NA
401360593,TRUE,"data/raw/2022/summary_2022_20220203_401360593.json",TRUE,TRUE,NA
401360594,TRUE,"data/raw/2022/summary_2022_20220203_401360594.json",TRUE,TRUE,NA
401360595,TRUE,"data/raw/2022/summary_2022_20220203_401360595.json",TRUE,TRUE,NA
401360596,TRUE,"data/raw/2022/summary_2022_20220203_401360596.json",TRUE,TRUE,NA
401360597,TRUE,"data/raw/2022/summary_2022_20220203_401360597.json",TRUE,TRUE,NA
401360598,TRUE,"data/raw/2022/summary_2022_20220203_401360598.json",TRUE,TRUE,NA
401360599,TRUE,"data/raw/2022/summary_2022_20220203_401360599.json",TRUE,TRUE,NA
401360600,TRUE,"data/raw/2022/summary_2022_20220203_401360600.json",TRUE,TRUE,NA
401360601,TRUE,"data/raw/2022/summary_2022_20220204_401360601.json",TRUE,TRUE,NA
401401143,TRUE,"data/raw/2022/summary_2022_20220204_401401143.json",TRUE,TRUE,NA
401360602,TRUE,"data/raw/2022/summary_2022_20220204_401360602.json",TRUE,TRUE,NA
401401141,TRUE,"data/raw/2022/summary_2022_20220204_401401141.json",TRUE,TRUE,NA
401360604,TRUE,"data/raw/2022/summary_2022_20220204_401360604.json",TRUE,TRUE,NA
401360605,TRUE,"data/raw/2022/summary_2022_20220204_401360605.json",TRUE,TRUE,NA
401360606,TRUE,"data/raw/2022/summary_2022_20220205_401360606.json",TRUE,TRUE,NA
401360607,TRUE,"data/raw/2022/summary_2022_20220205_401360607.json",TRUE,TRUE,NA
401360608,TRUE,"data/raw/2022/summary_2022_20220205_401360608.json",TRUE,TRUE,NA
401360609,TRUE,"data/raw/2022/summary_2022_20220205_401360609.json",TRUE,TRUE,NA
401360611,TRUE,"data/raw/2022/summary_2022_20220205_401360611.json",TRUE,TRUE,NA
401360612,TRUE,"data/raw/2022/summary_2022_20220205_401360612.json",TRUE,TRUE,NA
401360613,TRUE,"data/raw/2022/summary_2022_20220205_401360613.json",TRUE,TRUE,NA
401360610,TRUE,"data/raw/2022/summary_2022_20220205_401360610.json",TRUE,TRUE,NA
401360614,TRUE,"data/raw/2022/summary_2022_20220205_401360614.json",TRUE,TRUE,NA
401360615,TRUE,"data/raw/2022/summary_2022_20220205_401360615.json",TRUE,TRUE,NA
401360616,TRUE,"data/raw/2022/summary_2022_20220206_401360616.json",TRUE,TRUE,NA
401360617,TRUE,"data/raw/2022/summary_2022_20220206_401360617.json",TRUE,TRUE,NA
401360618,TRUE,"data/raw/2022/summary_2022_20220206_401360618.json",TRUE,TRUE,NA
401360619,TRUE,"data/raw/2022/summary_2022_20220206_401360619.json",TRUE,TRUE,NA
401360620,TRUE,"data/raw/2022/summary_2022_20220206_401360620.json",TRUE,TRUE,NA
401360621,TRUE,"data/raw/2022/summary_2022_20220206_401360621.json",TRUE,TRUE,NA
401360622,TRUE,"data/raw/2022/summary_2022_20220206_401360622.json",TRUE,TRUE,NA
401360623,TRUE,"data/raw/2022/summary_2022_20220206_401360623.json",TRUE,TRUE,NA
401360624,TRUE,"data/raw/2022/summary_2022_20220206_401360624.json",TRUE,TRUE,NA
401360625,TRUE,"data/raw/2022/summary_2022_20220206_401360625.json",TRUE,TRUE,NA
401360626,TRUE,"data/raw/2022/summary_2022_20220206_401360626.json",TRUE,TRUE,NA
401360627,TRUE,"data/raw/2022/summary_2022_20220207_401360627.json",TRUE,TRUE,NA
401360628,TRUE,"data/raw/2022/summary_2022_20220207_401360628.json",TRUE,TRUE,NA
401360629,TRUE,"data/raw/2022/summary_2022_20220208_401360629.json",TRUE,TRUE,NA
401360630,TRUE,"data/raw/2022/summary_2022_20220208_401360630.json",TRUE,TRUE,NA
401360631,TRUE,"data/raw/2022/summary_2022_20220208_401360631.json",TRUE,TRUE,NA
401360632,TRUE,"data/raw/2022/summary_2022_20220208_401360632.json",TRUE,TRUE,NA
401360633,TRUE,"data/raw/2022/summary_2022_20220208_401360633.json",TRUE,TRUE,NA
401360634,TRUE,"data/raw/2022/summary_2022_20220209_401360634.json",TRUE,TRUE,NA
401360635,TRUE,"data/raw/2022/summary_2022_20220209_401360635.json",TRUE,TRUE,NA
401360636,TRUE,"data/raw/2022/summary_2022_20220209_401360636.json",TRUE,TRUE,NA
401360637,TRUE,"data/raw/2022/summary_2022_20220209_401360637.json",TRUE,TRUE,NA
401360638,TRUE,"data/raw/2022/summary_2022_20220209_401360638.json",TRUE,TRUE,NA
401360639,TRUE,"data/raw/2022/summary_2022_20220209_401360639.json",TRUE,TRUE,NA
401360640,TRUE,"data/raw/2022/summary_2022_20220209_401360640.json",TRUE,TRUE,NA
401360641,TRUE,"data/raw/2022/summary_2022_20220209_401360641.json",TRUE,TRUE,NA
401360642,TRUE,"data/raw/2022/summary_2022_20220209_401360642.json",TRUE,TRUE,NA
401360643,TRUE,"data/raw/2022/summary_2022_20220209_401360643.json",TRUE,TRUE,NA
401360644,TRUE,"data/raw/2022/summary_2022_20220210_401360644.json",TRUE,TRUE,NA
401360645,TRUE,"data/raw/2022/summary_2022_20220210_401360645.json",TRUE,TRUE,NA
401360646,TRUE,"data/raw/2022/summary_2022_20220210_401360646.json",TRUE,TRUE,NA
401360647,TRUE,"data/raw/2022/summary_2022_20220210_401360647.json",TRUE,TRUE,NA
401360648,TRUE,"data/raw/2022/summary_2022_20220210_401360648.json",TRUE,TRUE,NA
401360649,TRUE,"data/raw/2022/summary_2022_20220210_401360649.json",TRUE,TRUE,NA
401360650,TRUE,"data/raw/2022/summary_2022_20220211_401360650.json",TRUE,TRUE,NA
401360651,TRUE,"data/raw/2022/summary_2022_20220211_401360651.json",TRUE,TRUE,NA
401360652,TRUE,"data/raw/2022/summary_2022_20220211_401360652.json",TRUE,TRUE,NA
401360653,TRUE,"data/raw/2022/summary_2022_20220211_401360653.json",TRUE,TRUE,NA
401360654,TRUE,"data/raw/2022/summary_2022_20220211_401360654.json",TRUE,TRUE,NA
401360655,TRUE,"data/raw/2022/summary_2022_20220211_401360655.json",TRUE,TRUE,NA
401360656,TRUE,"data/raw/2022/summary_2022_20220211_401360656.json",TRUE,TRUE,NA
401360657,TRUE,"data/raw/2022/summary_2022_20220212_401360657.json",TRUE,TRUE,NA
401360658,TRUE,"data/raw/2022/summary_2022_20220212_401360658.json",TRUE,TRUE,NA
401360659,TRUE,"data/raw/2022/summary_2022_20220212_401360659.json",TRUE,TRUE,NA
401360660,TRUE,"data/raw/2022/summary_2022_20220212_401360660.json",TRUE,TRUE,NA
401360661,TRUE,"data/raw/2022/summary_2022_20220212_401360661.json",TRUE,TRUE,NA
401360662,TRUE,"data/raw/2022/summary_2022_20220212_401360662.json",TRUE,TRUE,NA
401360663,TRUE,"data/raw/2022/summary_2022_20220212_401360663.json",TRUE,TRUE,NA
401360664,TRUE,"data/raw/2022/summary_2022_20220212_401360664.json",TRUE,TRUE,NA
401360665,TRUE,"data/raw/2022/summary_2022_20220213_401360665.json",TRUE,TRUE,NA
401360666,TRUE,"data/raw/2022/summary_2022_20220213_401360666.json",TRUE,TRUE,NA
401360667,TRUE,"data/raw/2022/summary_2022_20220213_401360667.json",TRUE,TRUE,NA
401360668,TRUE,"data/raw/2022/summary_2022_20220213_401360668.json",TRUE,TRUE,NA
401360669,TRUE,"data/raw/2022/summary_2022_20220213_401360669.json",TRUE,TRUE,NA
401360670,TRUE,"data/raw/2022/summary_2022_20220213_401360670.json",TRUE,TRUE,NA
401360671,TRUE,"data/raw/2022/summary_2022_20220213_401360671.json",TRUE,TRUE,NA
401360672,TRUE,"data/raw/2022/summary_2022_20220213_401360672.json",TRUE,TRUE,NA
401360673,TRUE,"data/raw/2022/summary_2022_20220213_401360673.json",TRUE,TRUE,NA
401360674,TRUE,"data/raw/2022/summary_2022_20220213_401360674.json",TRUE,TRUE,NA
401360675,TRUE,"data/raw/2022/summary_2022_20220213_401360675.json",TRUE,TRUE,NA
401360676,TRUE,"data/raw/2022/summary_2022_20220213_401360676.json",TRUE,TRUE,NA
401360677,TRUE,"data/raw/2022/summary_2022_20220215_401360677.json",TRUE,TRUE,NA
401360678,TRUE,"data/raw/2022/summary_2022_20220215_401360678.json",TRUE,TRUE,NA
401360679,TRUE,"data/raw/2022/summary_2022_20220215_401360679.json",TRUE,TRUE,NA
401360680,TRUE,"data/raw/2022/summary_2022_20220215_401360680.json",TRUE,TRUE,NA
401360681,TRUE,"data/raw/2022/summary_2022_20220215_401360681.json",TRUE,TRUE,NA
401360682,TRUE,"data/raw/2022/summary_2022_20220215_401360682.json",TRUE,TRUE,NA
401360683,TRUE,"data/raw/2022/summary_2022_20220215_401360683.json",TRUE,TRUE,NA
401360684,TRUE,"data/raw/2022/summary_2022_20220215_401360684.json",TRUE,TRUE,NA
401360685,TRUE,"data/raw/2022/summary_2022_20220215_401360685.json",TRUE,TRUE,NA
401360686,TRUE,"data/raw/2022/summary_2022_20220216_401360686.json",TRUE,TRUE,NA
401360687,TRUE,"data/raw/2022/summary_2022_20220216_401360687.json",TRUE,TRUE,NA
401360688,TRUE,"data/raw/2022/summary_2022_20220216_401360688.json",TRUE,TRUE,NA
401360689,TRUE,"data/raw/2022/summary_2022_20220216_401360689.json",TRUE,TRUE,NA
401360690,TRUE,"data/raw/2022/summary_2022_20220216_401360690.json",TRUE,TRUE,NA
401360691,TRUE,"data/raw/2022/summary_2022_20220216_401360691.json",TRUE,TRUE,NA
401360692,TRUE,"data/raw/2022/summary_2022_20220216_401360692.json",TRUE,TRUE,NA
401360693,TRUE,"data/raw/2022/summary_2022_20220217_401360693.json",TRUE,TRUE,NA
401360694,TRUE,"data/raw/2022/summary_2022_20220217_401360694.json",TRUE,TRUE,NA
401360695,TRUE,"data/raw/2022/summary_2022_20220217_401360695.json",TRUE,TRUE,NA
401360696,TRUE,"data/raw/2022/summary_2022_20220217_401360696.json",TRUE,TRUE,NA
401360697,TRUE,"data/raw/2022/summary_2022_20220217_401360697.json",TRUE,TRUE,NA
401360698,TRUE,"data/raw/2022/summary_2022_20220217_401360698.json",TRUE,TRUE,NA
401360699,TRUE,"data/raw/2022/summary_2022_20220217_401360699.json",TRUE,TRUE,NA
401360700,TRUE,"data/raw/2022/summary_2022_20220217_401360700.json",TRUE,TRUE,NA
401360701,TRUE,"data/raw/2022/summary_2022_20220217_401360701.json",TRUE,TRUE,NA
401360702,TRUE,"data/raw/2022/summary_2022_20220217_401360702.json",TRUE,TRUE,NA
401360703,TRUE,"data/raw/2022/summary_2022_20220217_401360703.json",TRUE,TRUE,NA
401360704,TRUE,"data/raw/2022/summary_2022_20220218_401360704.json",TRUE,TRUE,NA
401401136,TRUE,"data/raw/2022/summary_2022_20220218_401401136.json",TRUE,TRUE,NA
401360705,TRUE,"data/raw/2022/summary_2022_20220218_401360705.json",TRUE,TRUE,NA
401360706,TRUE,"data/raw/2022/summary_2022_20220218_401360706.json",TRUE,TRUE,NA
401360707,TRUE,"data/raw/2022/summary_2022_20220218_401360707.json",TRUE,TRUE,NA
401410564,TRUE,"data/raw/2022/summary_2022_20220221_401410564.json",TRUE,TRUE,NA
401360708,TRUE,"data/raw/2022/summary_2022_20220225_401360708.json",TRUE,TRUE,NA
401360709,TRUE,"data/raw/2022/summary_2022_20220225_401360709.json",TRUE,TRUE,NA
401360710,TRUE,"data/raw/2022/summary_2022_20220225_401360710.json",TRUE,TRUE,NA
401360711,TRUE,"data/raw/2022/summary_2022_20220225_401360711.json",TRUE,TRUE,NA
401360712,TRUE,"data/raw/2022/summary_2022_20220225_401360712.json",TRUE,TRUE,NA
401360713,TRUE,"data/raw/2022/summary_2022_20220225_401360713.json",TRUE,TRUE,NA
401360714,TRUE,"data/raw/2022/summary_2022_20220225_401360714.json",TRUE,TRUE,NA
401360715,TRUE,"data/raw/2022/summary_2022_20220226_401360715.json",TRUE,TRUE,NA
401360716,TRUE,"data/raw/2022/summary_2022_20220226_401360716.json",TRUE,TRUE,NA
401360717,TRUE,"data/raw/2022/summary_2022_20220226_401360717.json",TRUE,TRUE,NA
401360718,TRUE,"data/raw/2022/summary_2022_20220226_401360718.json",TRUE,TRUE,NA
401360719,TRUE,"data/raw/2022/summary_2022_20220226_401360719.json",TRUE,TRUE,NA
401360720,TRUE,"data/raw/2022/summary_2022_20220226_401360720.json",TRUE,TRUE,NA
401360721,TRUE,"data/raw/2022/summary_2022_20220226_401360721.json",TRUE,TRUE,NA
401360722,TRUE,"data/raw/2022/summary_2022_20220226_401360722.json",TRUE,TRUE,NA
401360723,TRUE,"data/raw/2022/summary_2022_20220226_401360723.json",TRUE,TRUE,NA
401360724,TRUE,"data/raw/2022/summary_2022_20220226_401360724.json",TRUE,TRUE,NA
401360725,TRUE,"data/raw/2022/summary_2022_20220227_401360725.json",TRUE,TRUE,NA
401360726,TRUE,"data/raw/2022/summary_2022_20220227_401360726.json",TRUE,TRUE,NA
401360727,TRUE,"data/raw/2022/summary_2022_20220227_401360727.json",TRUE,TRUE,NA
401360728,TRUE,"data/raw/2022/summary_2022_20220227_401360728.json",TRUE,TRUE,NA
401360729,TRUE,"data/raw/2022/summary_2022_20220227_401360729.json",TRUE,TRUE,NA
401360730,TRUE,"data/raw/2022/summary_2022_20220227_401360730.json",TRUE,TRUE,NA
401360731,TRUE,"data/raw/2022/summary_2022_20220227_401360731.json",TRUE,TRUE,NA
401360732,TRUE,"data/raw/2022/summary_2022_20220227_401360732.json",TRUE,TRUE,NA
401360733,TRUE,"data/raw/2022/summary_2022_20220227_401360733.json",TRUE,TRUE,NA
401360734,TRUE,"data/raw/2022/summary_2022_20220228_401360734.json",TRUE,TRUE,NA
401360735,TRUE,"data/raw/2022/summary_2022_20220228_401360735.json",TRUE,TRUE,NA
401360736,TRUE,"data/raw/2022/summary_2022_20220228_401360736.json",TRUE,TRUE,NA
401360737,TRUE,"data/raw/2022/summary_2022_20220228_401360737.json",TRUE,TRUE,NA
401360738,TRUE,"data/raw/2022/summary_2022_20220228_401360738.json",TRUE,TRUE,NA
401360739,TRUE,"data/raw/2022/summary_2022_20220301_401360739.json",TRUE,TRUE,NA
401360740,TRUE,"data/raw/2022/summary_2022_20220301_401360740.json",TRUE,TRUE,NA
401360545,TRUE,"data/raw/2022/summary_2022_20220301_401360545.json",TRUE,TRUE,NA
401360741,TRUE,"data/raw/2022/summary_2022_20220301_401360741.json",TRUE,TRUE,NA
401360742,TRUE,"data/raw/2022/summary_2022_20220301_401360742.json",TRUE,TRUE,NA
401360743,TRUE,"data/raw/2022/summary_2022_20220301_401360743.json",TRUE,TRUE,NA
401360744,TRUE,"data/raw/2022/summary_2022_20220301_401360744.json",TRUE,TRUE,NA
401360745,TRUE,"data/raw/2022/summary_2022_20220302_401360745.json",TRUE,TRUE,NA
401360746,TRUE,"data/raw/2022/summary_2022_20220302_401360746.json",TRUE,TRUE,NA
401360747,TRUE,"data/raw/2022/summary_2022_20220302_401360747.json",TRUE,TRUE,NA
401360748,TRUE,"data/raw/2022/summary_2022_20220302_401360748.json",TRUE,TRUE,NA
401360749,TRUE,"data/raw/2022/summary_2022_20220302_401360749.json",TRUE,TRUE,NA
401360750,TRUE,"data/raw/2022/summary_2022_20220302_401360750.json",TRUE,TRUE,NA
401360751,TRUE,"data/raw/2022/summary_2022_20220303_401360751.json",TRUE,TRUE,NA
401360752,TRUE,"data/raw/2022/summary_2022_20220303_401360752.json",TRUE,TRUE,NA
401360753,TRUE,"data/raw/2022/summary_2022_20220303_401360753.json",TRUE,TRUE,NA
401360754,TRUE,"data/raw/2022/summary_2022_20220303_401360754.json",TRUE,TRUE,NA
401360755,TRUE,"data/raw/2022/summary_2022_20220303_401360755.json",TRUE,TRUE,NA
401360756,TRUE,"data/raw/2022/summary_2022_20220303_401360756.json",TRUE,TRUE,NA
401360757,TRUE,"data/raw/2022/summary_2022_20220303_401360757.json",TRUE,TRUE,NA
401360758,TRUE,"data/raw/2022/summary_2022_20220303_401360758.json",TRUE,TRUE,NA
401360529,TRUE,"data/raw/2022/summary_2022_20220304_401360529.json",TRUE,TRUE,NA
401360759,TRUE,"data/raw/2022/summary_2022_20220304_401360759.json",TRUE,TRUE,NA
401360760,TRUE,"data/raw/2022/summary_2022_20220304_401360760.json",TRUE,TRUE,NA
401360761,TRUE,"data/raw/2022/summary_2022_20220304_401360761.json",TRUE,TRUE,NA
401360762,TRUE,"data/raw/2022/summary_2022_20220304_401360762.json",TRUE,TRUE,NA
401360763,TRUE,"data/raw/2022/summary_2022_20220304_401360763.json",TRUE,TRUE,NA
401360764,TRUE,"data/raw/2022/summary_2022_20220304_401360764.json",TRUE,TRUE,NA
401360765,TRUE,"data/raw/2022/summary_2022_20220305_401360765.json",TRUE,TRUE,NA
401360766,TRUE,"data/raw/2022/summary_2022_20220305_401360766.json",TRUE,TRUE,NA
401360767,TRUE,"data/raw/2022/summary_2022_20220305_401360767.json",TRUE,TRUE,NA
401360768,TRUE,"data/raw/2022/summary_2022_20220305_401360768.json",TRUE,TRUE,NA
401401142,TRUE,"data/raw/2022/summary_2022_20220305_401401142.json",TRUE,TRUE,NA
401360769,TRUE,"data/raw/2022/summary_2022_20220305_401360769.json",TRUE,TRUE,NA
401360770,TRUE,"data/raw/2022/summary_2022_20220305_401360770.json",TRUE,TRUE,NA
401360771,TRUE,"data/raw/2022/summary_2022_20220305_401360771.json",TRUE,TRUE,NA
401360772,TRUE,"data/raw/2022/summary_2022_20220305_401360772.json",TRUE,TRUE,NA
401360773,TRUE,"data/raw/2022/summary_2022_20220305_401360773.json",TRUE,TRUE,NA
401360774,TRUE,"data/raw/2022/summary_2022_20220306_401360774.json",TRUE,TRUE,NA
401360775,TRUE,"data/raw/2022/summary_2022_20220306_401360775.json",TRUE,TRUE,NA
401360776,TRUE,"data/raw/2022/summary_2022_20220306_401360776.json",TRUE,TRUE,NA
401360777,TRUE,"data/raw/2022/summary_2022_20220306_401360777.json",TRUE,TRUE,NA
401360778,TRUE,"data/raw/2022/summary_2022_20220306_401360778.json",TRUE,TRUE,NA
401360779,TRUE,"data/raw/2022/summary_2022_20220306_401360779.json",TRUE,TRUE,NA
401360780,TRUE,"data/raw/2022/summary_2022_20220306_401360780.json",TRUE,TRUE,NA
401360782,TRUE,"data/raw/2022/summary_2022_20220306_401360782.json",TRUE,TRUE,NA
401360783,TRUE,"data/raw/2022/summary_2022_20220307_401360783.json",TRUE,TRUE,NA
401360784,TRUE,"data/raw/2022/summary_2022_20220307_401360784.json",TRUE,TRUE,NA
401360781,TRUE,"data/raw/2022/summary_2022_20220307_401360781.json",TRUE,TRUE,NA
401360786,TRUE,"data/raw/2022/summary_2022_20220307_401360786.json",TRUE,TRUE,NA
401360785,TRUE,"data/raw/2022/summary_2022_20220307_401360785.json",TRUE,TRUE,NA
401360787,TRUE,"data/raw/2022/summary_2022_20220308_401360787.json",TRUE,TRUE,NA
401360788,TRUE,"data/raw/2022/summary_2022_20220308_401360788.json",TRUE,TRUE,NA
401360789,TRUE,"data/raw/2022/summary_2022_20220308_401360789.json",TRUE,TRUE,NA
401360790,TRUE,"data/raw/2022/summary_2022_20220308_401360790.json",TRUE,TRUE,NA
401360791,TRUE,"data/raw/2022/summary_2022_20220308_401360791.json",TRUE,TRUE,NA
401360792,TRUE,"data/raw/2022/summary_2022_20220308_401360792.json",TRUE,TRUE,NA
401401144,TRUE,"data/raw/2022/summary_2022_20220308_401401144.json",TRUE,TRUE,NA
401360793,TRUE,"data/raw/2022/summary_2022_20220308_401360793.json",TRUE,TRUE,NA
401360794,TRUE,"data/raw/2022/summary_2022_20220309_401360794.json",TRUE,TRUE,NA
401360795,TRUE,"data/raw/2022/summary_2022_20220309_401360795.json",TRUE,TRUE,NA
401360796,TRUE,"data/raw/2022/summary_2022_20220309_401360796.json",TRUE,TRUE,NA
401360797,TRUE,"data/raw/2022/summary_2022_20220309_401360797.json",TRUE,TRUE,NA
401360798,TRUE,"data/raw/2022/summary_2022_20220309_401360798.json",TRUE,TRUE,NA
401360799,TRUE,"data/raw/2022/summary_2022_20220309_401360799.json",TRUE,TRUE,NA
401360800,TRUE,"data/raw/2022/summary_2022_20220310_401360800.json",TRUE,TRUE,NA
401360801,TRUE,"data/raw/2022/summary_2022_20220310_401360801.json",TRUE,TRUE,NA
401360802,TRUE,"data/raw/2022/summary_2022_20220310_401360802.json",TRUE,TRUE,NA
401360803,TRUE,"data/raw/2022/summary_2022_20220310_401360803.json",TRUE,TRUE,NA
401360804,TRUE,"data/raw/2022/summary_2022_20220310_401360804.json",TRUE,TRUE,NA
401360805,TRUE,"data/raw/2022/summary_2022_20220310_401360805.json",TRUE,TRUE,NA
401360806,TRUE,"data/raw/2022/summary_2022_20220310_401360806.json",TRUE,TRUE,NA
401360807,TRUE,"data/raw/2022/summary_2022_20220310_401360807.json",TRUE,TRUE,NA
401360808,TRUE,"data/raw/2022/summary_2022_20220310_401360808.json",TRUE,TRUE,NA
401360809,TRUE,"data/raw/2022/summary_2022_20220310_401360809.json",TRUE,TRUE,NA
401360810,TRUE,"data/raw/2022/summary_2022_20220310_401360810.json",TRUE,TRUE,NA
401360811,TRUE,"data/raw/2022/summary_2022_20220310_401360811.json",TRUE,TRUE,NA
401360812,TRUE,"data/raw/2022/summary_2022_20220311_401360812.json",TRUE,TRUE,NA
401360813,TRUE,"data/raw/2022/summary_2022_20220311_401360813.json",TRUE,TRUE,NA
401360814,TRUE,"data/raw/2022/summary_2022_20220312_401360814.json",TRUE,TRUE,NA
401360815,TRUE,"data/raw/2022/summary_2022_20220312_401360815.json",TRUE,TRUE,NA
401360816,TRUE,"data/raw/2022/summary_2022_20220312_401360816.json",TRUE,TRUE,NA
401360817,TRUE,"data/raw/2022/summary_2022_20220312_401360817.json",TRUE,TRUE,NA
401360818,TRUE,"data/raw/2022/summary_2022_20220312_401360818.json",TRUE,TRUE,NA
401360819,TRUE,"data/raw/2022/summary_2022_20220312_401360819.json",TRUE,TRUE,NA
401360820,TRUE,"data/raw/2022/summary_2022_20220312_401360820.json",TRUE,TRUE,NA
401360821,TRUE,"data/raw/2022/summary_2022_20220312_401360821.json",TRUE,TRUE,NA
401360822,TRUE,"data/raw/2022/summary_2022_20220312_401360822.json",TRUE,TRUE,NA
401360823,TRUE,"data/raw/2022/summary_2022_20220312_401360823.json",TRUE,TRUE,NA
401360824,TRUE,"data/raw/2022/summary_2022_20220313_401360824.json",TRUE,TRUE,NA
401360825,TRUE,"data/raw/2022/summary_2022_20220313_401360825.json",TRUE,TRUE,NA
401360826,TRUE,"data/raw/2022/summary_2022_20220313_401360826.json",TRUE,TRUE,NA
401360827,TRUE,"data/raw/2022/summary_2022_20220313_401360827.json",TRUE,TRUE,NA
401360828,TRUE,"data/raw/2022/summary_2022_20220313_401360828.json",TRUE,TRUE,NA
401360829,TRUE,"data/raw/2022/summary_2022_20220313_401360829.json",TRUE,TRUE,NA
401360830,TRUE,"data/raw/2022/summary_2022_20220313_401360830.json",TRUE,TRUE,NA
401360831,TRUE,"data/raw/2022/summary_2022_20220313_401360831.json",TRUE,TRUE,NA
401360832,TRUE,"data/raw/2022/summary_2022_20220313_401360832.json",TRUE,TRUE,NA
401360833,TRUE,"data/raw/2022/summary_2022_20220313_401360833.json",TRUE,TRUE,NA
401360834,TRUE,"data/raw/2022/summary_2022_20220313_401360834.json",TRUE,TRUE,NA
401360835,TRUE,"data/raw/2022/summary_2022_20220313_401360835.json",TRUE,TRUE,NA
401360836,TRUE,"data/raw/2022/summary_2022_20220313_401360836.json",TRUE,TRUE,NA
401360837,TRUE,"data/raw/2022/summary_2022_20220313_401360837.json",TRUE,TRUE,NA
401360838,TRUE,"data/raw/2022/summary_2022_20220314_401360838.json",TRUE,TRUE,NA
401360839,TRUE,"data/raw/2022/summary_2022_20220314_401360839.json",TRUE,TRUE,NA
401360840,TRUE,"data/raw/2022/summary_2022_20220314_401360840.json",TRUE,TRUE,NA
401360841,TRUE,"data/raw/2022/summary_2022_20220314_401360841.json",TRUE,TRUE,NA
401360842,TRUE,"data/raw/2022/summary_2022_20220315_401360842.json",TRUE,TRUE,NA
401360843,TRUE,"data/raw/2022/summary_2022_20220315_401360843.json",TRUE,TRUE,NA
401360844,TRUE,"data/raw/2022/summary_2022_20220315_401360844.json",TRUE,TRUE,NA
401360845,TRUE,"data/raw/2022/summary_2022_20220315_401360845.json",TRUE,TRUE,NA
401360846,TRUE,"data/raw/2022/summary_2022_20220315_401360846.json",TRUE,TRUE,NA
401360847,TRUE,"data/raw/2022/summary_2022_20220315_401360847.json",TRUE,TRUE,NA
401360848,TRUE,"data/raw/2022/summary_2022_20220315_401360848.json",TRUE,TRUE,NA
401360849,TRUE,"data/raw/2022/summary_2022_20220315_401360849.json",TRUE,TRUE,NA
401360850,TRUE,"data/raw/2022/summary_2022_20220315_401360850.json",TRUE,TRUE,NA
401360851,TRUE,"data/raw/2022/summary_2022_20220316_401360851.json",TRUE,TRUE,NA
401360852,TRUE,"data/raw/2022/summary_2022_20220316_401360852.json",TRUE,TRUE,NA
401360853,TRUE,"data/raw/2022/summary_2022_20220316_401360853.json",TRUE,TRUE,NA
401360854,TRUE,"data/raw/2022/summary_2022_20220316_401360854.json",TRUE,TRUE,NA
401360855,TRUE,"data/raw/2022/summary_2022_20220316_401360855.json",TRUE,TRUE,NA
401360856,TRUE,"data/raw/2022/summary_2022_20220316_401360856.json",TRUE,TRUE,NA
401360857,TRUE,"data/raw/2022/summary_2022_20220317_401360857.json",TRUE,TRUE,NA
401360858,TRUE,"data/raw/2022/summary_2022_20220317_401360858.json",TRUE,TRUE,NA
401360859,TRUE,"data/raw/2022/summary_2022_20220317_401360859.json",TRUE,TRUE,NA
401360860,TRUE,"data/raw/2022/summary_2022_20220317_401360860.json",TRUE,TRUE,NA
401360861,TRUE,"data/raw/2022/summary_2022_20220317_401360861.json",TRUE,TRUE,NA
401360862,TRUE,"data/raw/2022/summary_2022_20220317_401360862.json",TRUE,TRUE,NA
401360863,TRUE,"data/raw/2022/summary_2022_20220317_401360863.json",TRUE,TRUE,NA
401360864,TRUE,"data/raw/2022/summary_2022_20220317_401360864.json",TRUE,TRUE,NA
401360875,TRUE,"data/raw/2022/summary_2022_20220318_401360875.json",TRUE,TRUE,NA
401360865,TRUE,"data/raw/2022/summary_2022_20220318_401360865.json",TRUE,TRUE,NA
401360866,TRUE,"data/raw/2022/summary_2022_20220318_401360866.json",TRUE,TRUE,NA
401360872,TRUE,"data/raw/2022/summary_2022_20220318_401360872.json",TRUE,TRUE,NA
401360873,TRUE,"data/raw/2022/summary_2022_20220318_401360873.json",TRUE,TRUE,NA
401360874,TRUE,"data/raw/2022/summary_2022_20220318_401360874.json",TRUE,TRUE,NA
401360867,TRUE,"data/raw/2022/summary_2022_20220319_401360867.json",TRUE,TRUE,NA
401360868,TRUE,"data/raw/2022/summary_2022_20220319_401360868.json",TRUE,TRUE,NA
401360869,TRUE,"data/raw/2022/summary_2022_20220319_401360869.json",TRUE,TRUE,NA
401360870,TRUE,"data/raw/2022/summary_2022_20220319_401360870.json",TRUE,TRUE,NA
401360871,TRUE,"data/raw/2022/summary_2022_20220319_401360871.json",TRUE,TRUE,NA
401360876,TRUE,"data/raw/2022/summary_2022_20220319_401360876.json",TRUE,TRUE,NA
401360877,TRUE,"data/raw/2022/summary_2022_20220319_401360877.json",TRUE,TRUE,NA
401360878,TRUE,"data/raw/2022/summary_2022_20220319_401360878.json",TRUE,TRUE,NA
401360879,TRUE,"data/raw/2022/summary_2022_20220320_401360879.json",TRUE,TRUE,NA
401360880,TRUE,"data/raw/2022/summary_2022_20220320_401360880.json",TRUE,TRUE,NA
401360881,TRUE,"data/raw/2022/summary_2022_20220320_401360881.json",TRUE,TRUE,NA
401360882,TRUE,"data/raw/2022/summary_2022_20220320_401360882.json",TRUE,TRUE,NA
401360883,TRUE,"data/raw/2022/summary_2022_20220320_401360883.json",TRUE,TRUE,NA
401360884,TRUE,"data/raw/2022/summary_2022_20220320_401360884.json",TRUE,TRUE,NA
401360885,TRUE,"data/raw/2022/summary_2022_20220320_401360885.json",TRUE,TRUE,NA
401360886,TRUE,"data/raw/2022/summary_2022_20220320_401360886.json",TRUE,TRUE,NA
401360887,TRUE,"data/raw/2022/summary_2022_20220321_401360887.json",TRUE,TRUE,NA
401360888,TRUE,"data/raw/2022/summary_2022_20220321_401360888.json",TRUE,TRUE,NA
401360889,TRUE,"data/raw/2022/summary_2022_20220321_401360889.json",TRUE,TRUE,NA
401360890,TRUE,"data/raw/2022/summary_2022_20220321_401360890.json",TRUE,TRUE,NA
401360891,TRUE,"data/raw/2022/summary_2022_20220321_401360891.json",TRUE,TRUE,NA
401360892,TRUE,"data/raw/2022/summary_2022_20220321_401360892.json",TRUE,TRUE,NA
401360893,TRUE,"data/raw/2022/summary_2022_20220321_401360893.json",TRUE,TRUE,NA
401360894,TRUE,"data/raw/2022/summary_2022_20220321_401360894.json",TRUE,TRUE,NA
401360895,TRUE,"data/raw/2022/summary_2022_20220322_401360895.json",TRUE,TRUE,NA
401360896,TRUE,"data/raw/2022/summary_2022_20220322_401360896.json",TRUE,TRUE,NA
401360897,TRUE,"data/raw/2022/summary_2022_20220322_401360897.json",TRUE,TRUE,NA
401360898,TRUE,"data/raw/2022/summary_2022_20220322_401360898.json",TRUE,TRUE,NA
401360899,TRUE,"data/raw/2022/summary_2022_20220322_401360899.json",TRUE,TRUE,NA
401360900,TRUE,"data/raw/2022/summary_2022_20220322_401360900.json",TRUE,TRUE,NA
401360901,TRUE,"data/raw/2022/summary_2022_20220323_401360901.json",TRUE,TRUE,NA
401360902,TRUE,"data/raw/2022/summary_2022_20220323_401360902.json",TRUE,TRUE,NA
401360903,TRUE,"data/raw/2022/summary_2022_20220323_401360903.json",TRUE,TRUE,NA
401360904,TRUE,"data/raw/2022/summary_2022_20220323_401360904.json",TRUE,TRUE,NA
401360905,TRUE,"data/raw/2022/summary_2022_20220323_401360905.json",TRUE,TRUE,NA
401360906,TRUE,"data/raw/2022/summary_2022_20220323_401360906.json",TRUE,TRUE,NA
401360907,TRUE,"data/raw/2022/summary_2022_20220323_401360907.json",TRUE,TRUE,NA
401360908,TRUE,"data/raw/2022/summary_2022_20220323_401360908.json",TRUE,TRUE,NA
401360909,TRUE,"data/raw/2022/summary_2022_20220324_401360909.json",TRUE,TRUE,NA
401360910,TRUE,"data/raw/2022/summary_2022_20220324_401360910.json",TRUE,TRUE,NA
401360911,TRUE,"data/raw/2022/summary_2022_20220324_401360911.json",TRUE,TRUE,NA
401360912,TRUE,"data/raw/2022/summary_2022_20220324_401360912.json",TRUE,TRUE,NA
401360913,TRUE,"data/raw/2022/summary_2022_20220324_401360913.json",TRUE,TRUE,NA
401360914,TRUE,"data/raw/2022/summary_2022_20220324_401360914.json",TRUE,TRUE,NA
401360915,TRUE,"data/raw/2022/summary_2022_20220325_401360915.json",TRUE,TRUE,NA
401360916,TRUE,"data/raw/2022/summary_2022_20220325_401360916.json",TRUE,TRUE,NA
401360917,TRUE,"data/raw/2022/summary_2022_20220325_401360917.json",TRUE,TRUE,NA
401360918,TRUE,"data/raw/2022/summary_2022_20220325_401360918.json",TRUE,TRUE,NA
401360919,TRUE,"data/raw/2022/summary_2022_20220325_401360919.json",TRUE,TRUE,NA
401360920,TRUE,"data/raw/2022/summary_2022_20220325_401360920.json",TRUE,TRUE,NA
401360921,TRUE,"data/raw/2022/summary_2022_20220325_401360921.json",TRUE,TRUE,NA
401360922,TRUE,"data/raw/2022/summary_2022_20220326_401360922.json",TRUE,TRUE,NA
401360923,TRUE,"data/raw/2022/summary_2022_20220326_401360923.json",TRUE,TRUE,NA
401360924,TRUE,"data/raw/2022/summary_2022_20220326_401360924.json",TRUE,TRUE,NA
401360925,TRUE,"data/raw/2022/summary_2022_20220326_401360925.json",TRUE,TRUE,NA
401360926,TRUE,"data/raw/2022/summary_2022_20220326_401360926.json",TRUE,TRUE,NA
401360927,TRUE,"data/raw/2022/summary_2022_20220326_401360927.json",TRUE,TRUE,NA
401360928,TRUE,"data/raw/2022/summary_2022_20220326_401360928.json",TRUE,TRUE,NA
401360929,TRUE,"data/raw/2022/summary_2022_20220327_401360929.json",TRUE,TRUE,NA
401360930,TRUE,"data/raw/2022/summary_2022_20220327_401360930.json",TRUE,TRUE,NA
401360931,TRUE,"data/raw/2022/summary_2022_20220327_401360931.json",TRUE,TRUE,NA
401360932,TRUE,"data/raw/2022/summary_2022_20220327_401360932.json",TRUE,TRUE,NA
401360933,TRUE,"data/raw/2022/summary_2022_20220327_401360933.json",TRUE,TRUE,NA
401360934,TRUE,"data/raw/2022/summary_2022_20220327_401360934.json",TRUE,TRUE,NA
401360935,TRUE,"data/raw/2022/summary_2022_20220327_401360935.json",TRUE,TRUE,NA
401360936,TRUE,"data/raw/2022/summary_2022_20220327_401360936.json",TRUE,TRUE,NA
401360937,TRUE,"data/raw/2022/summary_2022_20220327_401360937.json",TRUE,TRUE,NA
401360938,TRUE,"data/raw/2022/summary_2022_20220327_401360938.json",TRUE,TRUE,NA
401360939,TRUE,"data/raw/2022/summary_2022_20220327_401360939.json",TRUE,TRUE,NA
401360940,TRUE,"data/raw/2022/summary_2022_20220327_401360940.json",TRUE,TRUE,NA
401360941,TRUE,"data/raw/2022/summary_2022_20220328_401360941.json",TRUE,TRUE,NA
401360942,TRUE,"data/raw/2022/summary_2022_20220328_401360942.json",TRUE,TRUE,NA
401360943,TRUE,"data/raw/2022/summary_2022_20220328_401360943.json",TRUE,TRUE,NA
401360944,TRUE,"data/raw/2022/summary_2022_20220328_401360944.json",TRUE,TRUE,NA
401360945,TRUE,"data/raw/2022/summary_2022_20220328_401360945.json",TRUE,TRUE,NA
401360946,TRUE,"data/raw/2022/summary_2022_20220328_401360946.json",TRUE,TRUE,NA
401360947,TRUE,"data/raw/2022/summary_2022_20220329_401360947.json",TRUE,TRUE,NA
401360948,TRUE,"data/raw/2022/summary_2022_20220329_401360948.json",TRUE,TRUE,NA
401360949,TRUE,"data/raw/2022/summary_2022_20220329_401360949.json",TRUE,TRUE,NA
401360950,TRUE,"data/raw/2022/summary_2022_20220329_401360950.json",TRUE,TRUE,NA
401360951,TRUE,"data/raw/2022/summary_2022_20220329_401360951.json",TRUE,TRUE,NA
401360952,TRUE,"data/raw/2022/summary_2022_20220329_401360952.json",TRUE,TRUE,NA
401360953,TRUE,"data/raw/2022/summary_2022_20220329_401360953.json",TRUE,TRUE,NA
401360954,TRUE,"data/raw/2022/summary_2022_20220330_401360954.json",TRUE,TRUE,NA
401360955,TRUE,"data/raw/2022/summary_2022_20220330_401360955.json",TRUE,TRUE,NA
401360956,TRUE,"data/raw/2022/summary_2022_20220330_401360956.json",TRUE,TRUE,NA
401360957,TRUE,"data/raw/2022/summary_2022_20220330_401360957.json",TRUE,TRUE,NA
401360958,TRUE,"data/raw/2022/summary_2022_20220330_401360958.json",TRUE,TRUE,NA
401360959,TRUE,"data/raw/2022/summary_2022_20220330_401360959.json",TRUE,TRUE,NA
401360960,TRUE,"data/raw/2022/summary_2022_20220330_401360960.json",TRUE,TRUE,NA
401360961,TRUE,"data/raw/2022/summary_2022_20220331_401360961.json",TRUE,TRUE,NA
401360962,TRUE,"data/raw/2022/summary_2022_20220331_401360962.json",TRUE,TRUE,NA
401360963,TRUE,"data/raw/2022/summary_2022_20220331_401360963.json",TRUE,TRUE,NA
401360964,TRUE,"data/raw/2022/summary_2022_20220331_401360964.json",TRUE,TRUE,NA
401360965,TRUE,"data/raw/2022/summary_2022_20220331_401360965.json",TRUE,TRUE,NA
401360966,TRUE,"data/raw/2022/summary_2022_20220331_401360966.json",TRUE,TRUE,NA
401360967,TRUE,"data/raw/2022/summary_2022_20220331_401360967.json",TRUE,TRUE,NA
401401145,TRUE,"data/raw/2022/summary_2022_20220331_401401145.json",TRUE,TRUE,NA
401360968,TRUE,"data/raw/2022/summary_2022_20220401_401360968.json",TRUE,TRUE,NA
401360969,TRUE,"data/raw/2022/summary_2022_20220401_401360969.json",TRUE,TRUE,NA
401360970,TRUE,"data/raw/2022/summary_2022_20220401_401360970.json",TRUE,TRUE,NA
401360971,TRUE,"data/raw/2022/summary_2022_20220401_401360971.json",TRUE,TRUE,NA
401360972,TRUE,"data/raw/2022/summary_2022_20220401_401360972.json",TRUE,TRUE,NA
401360973,TRUE,"data/raw/2022/summary_2022_20220402_401360973.json",TRUE,TRUE,NA
401360974,TRUE,"data/raw/2022/summary_2022_20220402_401360974.json",TRUE,TRUE,NA
401360975,TRUE,"data/raw/2022/summary_2022_20220402_401360975.json",TRUE,TRUE,NA
401360976,TRUE,"data/raw/2022/summary_2022_20220402_401360976.json",TRUE,TRUE,NA
401360977,TRUE,"data/raw/2022/summary_2022_20220402_401360977.json",TRUE,TRUE,NA
401360978,TRUE,"data/raw/2022/summary_2022_20220402_401360978.json",TRUE,TRUE,NA
401360979,TRUE,"data/raw/2022/summary_2022_20220402_401360979.json",TRUE,TRUE,NA
401360980,TRUE,"data/raw/2022/summary_2022_20220402_401360980.json",TRUE,TRUE,NA
401360981,TRUE,"data/raw/2022/summary_2022_20220402_401360981.json",TRUE,TRUE,NA
401360982,TRUE,"data/raw/2022/summary_2022_20220402_401360982.json",TRUE,TRUE,NA
401360983,TRUE,"data/raw/2022/summary_2022_20220403_401360983.json",TRUE,TRUE,NA
401360984,TRUE,"data/raw/2022/summary_2022_20220403_401360984.json",TRUE,TRUE,NA
401360985,TRUE,"data/raw/2022/summary_2022_20220403_401360985.json",TRUE,TRUE,NA
401360986,TRUE,"data/raw/2022/summary_2022_20220403_401360986.json",TRUE,TRUE,NA
401360987,TRUE,"data/raw/2022/summary_2022_20220403_401360987.json",TRUE,TRUE,NA
401360988,TRUE,"data/raw/2022/summary_2022_20220403_401360988.json",TRUE,TRUE,NA
401360989,TRUE,"data/raw/2022/summary_2022_20220403_401360989.json",TRUE,TRUE,NA
401360990,TRUE,"data/raw/2022/summary_2022_20220403_401360990.json",TRUE,TRUE,NA
401360991,TRUE,"data/raw/2022/summary_2022_20220403_401360991.json",TRUE,TRUE,NA
401360992,TRUE,"data/raw/2022/summary_2022_20220403_401360992.json",TRUE,TRUE,NA
401360993,TRUE,"data/raw/2022/summary_2022_20220403_401360993.json",TRUE,TRUE,NA
401360994,TRUE,"data/raw/2022/summary_2022_20220403_401360994.json",TRUE,TRUE,NA
401360995,TRUE,"data/raw/2022/summary_2022_20220404_401360995.json",TRUE,TRUE,NA
401360996,TRUE,"data/raw/2022/summary_2022_20220404_401360996.json",TRUE,TRUE,NA
401360997,TRUE,"data/raw/2022/summary_2022_20220405_401360997.json",TRUE,TRUE,NA
401360998,TRUE,"data/raw/2022/summary_2022_20220405_401360998.json",TRUE,TRUE,NA
401360999,TRUE,"data/raw/2022/summary_2022_20220405_401360999.json",TRUE,TRUE,NA
401361000,TRUE,"data/raw/2022/summary_2022_20220405_401361000.json",TRUE,TRUE,NA
401361001,TRUE,"data/raw/2022/summary_2022_20220405_401361001.json",TRUE,TRUE,NA
401361002,TRUE,"data/raw/2022/summary_2022_20220406_401361002.json",TRUE,TRUE,NA
401361003,TRUE,"data/raw/2022/summary_2022_20220406_401361003.json",TRUE,TRUE,NA
401361004,TRUE,"data/raw/2022/summary_2022_20220406_401361004.json",TRUE,TRUE,NA
401361005,TRUE,"data/raw/2022/summary_2022_20220406_401361005.json",TRUE,TRUE,NA
401361006,TRUE,"data/raw/2022/summary_2022_20220406_401361006.json",TRUE,TRUE,NA
401361007,TRUE,"data/raw/2022/summary_2022_20220406_401361007.json",TRUE,TRUE,NA
401361008,TRUE,"data/raw/2022/summary_2022_20220406_401361008.json",TRUE,TRUE,NA
401361009,TRUE,"data/raw/2022/summary_2022_20220406_401361009.json",TRUE,TRUE,NA
401361010,TRUE,"data/raw/2022/summary_2022_20220406_401361010.json",TRUE,TRUE,NA
401361011,TRUE,"data/raw/2022/summary_2022_20220407_401361011.json",TRUE,TRUE,NA
401361012,TRUE,"data/raw/2022/summary_2022_20220407_401361012.json",TRUE,TRUE,NA
401361013,TRUE,"data/raw/2022/summary_2022_20220407_401361013.json",TRUE,TRUE,NA
401361014,TRUE,"data/raw/2022/summary_2022_20220407_401361014.json",TRUE,TRUE,NA
401361015,TRUE,"data/raw/2022/summary_2022_20220407_401361015.json",TRUE,TRUE,NA
401361016,TRUE,"data/raw/2022/summary_2022_20220407_401361016.json",TRUE,TRUE,NA
401361017,TRUE,"data/raw/2022/summary_2022_20220407_401361017.json",TRUE,TRUE,NA
401361018,TRUE,"data/raw/2022/summary_2022_20220408_401361018.json",TRUE,TRUE,NA
401361019,TRUE,"data/raw/2022/summary_2022_20220408_401361019.json",TRUE,TRUE,NA
401361020,TRUE,"data/raw/2022/summary_2022_20220408_401361020.json",TRUE,TRUE,NA
401361021,TRUE,"data/raw/2022/summary_2022_20220408_401361021.json",TRUE,TRUE,NA
401361022,TRUE,"data/raw/2022/summary_2022_20220408_401361022.json",TRUE,TRUE,NA
401361023,TRUE,"data/raw/2022/summary_2022_20220408_401361023.json",TRUE,TRUE,NA
401361024,TRUE,"data/raw/2022/summary_2022_20220408_401361024.json",TRUE,TRUE,NA
401361025,TRUE,"data/raw/2022/summary_2022_20220408_401361025.json",TRUE,TRUE,NA
401361026,TRUE,"data/raw/2022/summary_2022_20220409_401361026.json",TRUE,TRUE,NA
401361027,TRUE,"data/raw/2022/summary_2022_20220409_401361027.json",TRUE,TRUE,NA
401361028,TRUE,"data/raw/2022/summary_2022_20220409_401361028.json",TRUE,TRUE,NA
401361029,TRUE,"data/raw/2022/summary_2022_20220409_401361029.json",TRUE,TRUE,NA
401361030,TRUE,"data/raw/2022/summary_2022_20220409_401361030.json",TRUE,TRUE,NA
401361033,TRUE,"data/raw/2022/summary_2022_20220409_401361033.json",TRUE,TRUE,NA
401361032,TRUE,"data/raw/2022/summary_2022_20220409_401361032.json",TRUE,TRUE,NA
401361034,TRUE,"data/raw/2022/summary_2022_20220410_401361034.json",TRUE,TRUE,NA
401361031,TRUE,"data/raw/2022/summary_2022_20220410_401361031.json",TRUE,TRUE,NA
401361035,TRUE,"data/raw/2022/summary_2022_20220410_401361035.json",TRUE,TRUE,NA
401361036,TRUE,"data/raw/2022/summary_2022_20220410_401361036.json",TRUE,TRUE,NA
401361037,TRUE,"data/raw/2022/summary_2022_20220410_401361037.json",TRUE,TRUE,NA
401361040,TRUE,"data/raw/2022/summary_2022_20220410_401361040.json",TRUE,TRUE,NA
401361042,TRUE,"data/raw/2022/summary_2022_20220410_401361042.json",TRUE,TRUE,NA
401361045,TRUE,"data/raw/2022/summary_2022_20220410_401361045.json",TRUE,TRUE,NA
401361046,TRUE,"data/raw/2022/summary_2022_20220410_401361046.json",TRUE,TRUE,NA
401361047,TRUE,"data/raw/2022/summary_2022_20220410_401361047.json",TRUE,TRUE,NA
401361043,TRUE,"data/raw/2022/summary_2022_20220411_401361043.json",TRUE,TRUE,NA
401361038,TRUE,"data/raw/2022/summary_2022_20220411_401361038.json",TRUE,TRUE,NA
401361039,TRUE,"data/raw/2022/summary_2022_20220411_401361039.json",TRUE,TRUE,NA
401361041,TRUE,"data/raw/2022/summary_2022_20220411_401361041.json",TRUE,TRUE,NA
401361044,TRUE,"data/raw/2022/summary_2022_20220411_401361044.json",TRUE,TRUE,NA
401361048,TRUE,"data/raw/2022/summary_2022_20220411_401361048.json",TRUE,TRUE,NA
401361049,TRUE,"data/raw/2022/summary_2022_20220411_401361049.json",TRUE,TRUE,NA
