"game_id","expected","file_path","scraped","has_boxscore","has_betting"
401584689,TRUE,"data/raw/2024/summary_2024_20231024_401584689.json",TRUE,TRUE,NA
401584690,TRUE,"data/raw/2024/summary_2024_20231025_401584690.json",TRUE,TRUE,NA
401584691,TRUE,"data/raw/2024/summary_2024_20231025_401584691.json",TRUE,TRUE,NA
401584692,TRUE,"data/raw/2024/summary_2024_20231025_401584692.json",TRUE,TRUE,NA
401584693,TRUE,"data/raw/2024/summary_2024_20231025_401584693.json",TRUE,TRUE,NA
401584694,TRUE,"data/raw/2024/summary_2024_20231025_401584694.json",TRUE,TRUE,NA
401584695,TRUE,"data/raw/2024/summary_2024_20231025_401584695.json",TRUE,TRUE,NA
401584696,TRUE,"data/raw/2024/summary_2024_20231025_401584696.json",TRUE,TRUE,NA
401584697,TRUE,"data/raw/2024/summary_2024_20231025_401584697.json",TRUE,TRUE,NA
401584698,TRUE,"data/raw/2024/summary_2024_20231026_401584698.json",TRUE,TRUE,NA
401584699,TRUE,"data/raw/2024/summary_2024_20231026_401584699.json",TRUE,TRUE,NA
401584700,TRUE,"data/raw/2024/summary_2024_20231026_401584700.json",TRUE,TRUE,NA
401584701,TRUE,"data/raw/2024/summary_2024_20231026_401584701.json",TRUE,TRUE,NA
401584702,TRUE,"data/raw/2024/summary_2024_20231026_401584702.json",TRUE,TRUE,NA
401584703,TRUE,"data/raw/2024/summary_2024_20231026_401584703.json",TRUE,TRUE,NA
401584704,TRUE,"data/raw/2024/summary_2024_20231027_401584704.json",TRUE,TRUE,NA
401584705,TRUE,"data/raw/2024/summary_2024_20231027_401584705.json",TRUE,TRUE,NA
401584706,TRUE,"data/raw/2024/summary_2024_20231027_401584706.json",TRUE,TRUE,NA
401584707,TRUE,"data/raw/2024/summary_2024_20231027_401584707.json",TRUE,TRUE,NA
401584708,TRUE,"data/raw/2024/summary_2024_20231027_401584708.json",TRUE,TRUE,NA
401584709,TRUE,"data/raw/2024/summary_2024_20231027_401584709.json",TRUE,TRUE,NA
401584710,TRUE,"data/raw/2024/summary_2024_20231028_401584710.json",TRUE,TRUE,NA
401584711,TRUE,"data/raw/2024/summary_2024_20231028_401584711.json",TRUE,TRUE,NA
401584712,TRUE,"data/raw/2024/summary_2024_20231028_401584712.json",TRUE,TRUE,NA
401584713,TRUE,"data/raw/2024/summary_2024_20231028_401584713.json",TRUE,TRUE,NA
401584714,TRUE,"data/raw/2024/summary_2024_20231028_401584714.json",TRUE,TRUE,NA
401584715,TRUE,"data/raw/2024/summary_2024_20231028_401584715.json",TRUE,TRUE,NA
401584716,TRUE,"data/raw/2024/summary_2024_20231028_401584716.json",TRUE,TRUE,NA
401584717,TRUE,"data/raw/2024/summary_2024_20231028_401584717.json",TRUE,TRUE,NA
401584718,TRUE,"data/raw/2024/summary_2024_20231028_401584718.json",TRUE,TRUE,NA
401584719,TRUE,"data/raw/2024/summary_2024_20231028_401584719.json",TRUE,TRUE,NA
401584720,TRUE,"data/raw/2024/summary_2024_20231028_401584720.json",TRUE,TRUE,NA
401584721,TRUE,"data/raw/2024/summary_2024_20231029_401584721.json",TRUE,TRUE,NA
401584722,TRUE,"data/raw/2024/summary_2024_20231029_401584722.json",TRUE,TRUE,NA
401584723,TRUE,"data/raw/2024/summary_2024_20231029_401584723.json",TRUE,TRUE,NA
401584724,TRUE,"data/raw/2024/summary_2024_20231029_401584724.json",TRUE,TRUE,NA
401584725,TRUE,"data/raw/2024/summary_2024_20231029_401584725.json",TRUE,TRUE,NA
401584726,TRUE,"data/raw/2024/summary_2024_20231029_401584726.json",TRUE,TRUE,NA
401584727,TRUE,"data/raw/2024/summary_2024_20231030_401584727.json",TRUE,TRUE,NA
401584728,TRUE,"data/raw/2024/summary_2024_20231030_401584728.json",TRUE,TRUE,NA
401584729,TRUE,"data/raw/2024/summary_2024_20231030_401584729.json",TRUE,TRUE,NA
401584730,TRUE,"data/raw/2024/summary_2024_20231030_401584730.json",TRUE,TRUE,NA
401584731,TRUE,"data/raw/2024/summary_2024_20231030_401584731.json",TRUE,TRUE,NA
401584732,TRUE,"data/raw/2024/summary_2024_20231030_401584732.json",TRUE,TRUE,NA
401584733,TRUE,"data/raw/2024/summary_2024_20231030_401584733.json",TRUE,TRUE,NA
401584734,TRUE,"data/raw/2024/summary_2024_20231031_401584734.json",TRUE,TRUE,NA
401584735,TRUE,"data/raw/2024/summary_2024_20231031_401584735.json",TRUE,TRUE,NA
401584736,TRUE,"data/raw/2024/summary_2024_20231031_401584736.json",TRUE,TRUE,NA
401584737,TRUE,"data/raw/2024/summary_2024_20231031_401584737.json",TRUE,TRUE,NA
401584738,TRUE,"data/raw/2024/summary_2024_20231031_401584738.json",TRUE,TRUE,NA
401584739,TRUE,"data/raw/2024/summary_2024_20231031_401584739.json",TRUE,TRUE,NA
401584740,TRUE,"data/raw/2024/summary_2024_20231031_401584740.json",TRUE,TRUE,NA
401584741,TRUE,"data/raw/2024/summary_2024_20231101_401584741.json",TRUE,TRUE,NA
401584742,TRUE,"data/raw/2024/summary_2024_20231101_401584742.json",TRUE,TRUE,NA
401584743,TRUE,"data/raw/2024/summary_2024_20231101_401584743.json",TRUE,TRUE,NA
401584744,TRUE,"data/raw/2024/summary_2024_20231101_401584744.json",TRUE,TRUE,NA
401584745,TRUE,"data/raw/2024/summary_2024_20231101_401584745.json",TRUE,TRUE,NA
401584746,TRUE,"data/raw/2024/summary_2024_20231101_401584746.json",TRUE,TRUE,NA
401584747,TRUE,"data/raw/2024/summary_2024_20231101_401584747.json",TRUE,TRUE,NA
401584748,TRUE,"data/raw/2024/summary_2024_20231101_401584748.json",TRUE,TRUE,NA
401584749,TRUE,"data/raw/2024/summary_2024_20231101_401584749.json",TRUE,TRUE,NA
401584750,TRUE,"data/raw/2024/summary_2024_20231102_401584750.json",TRUE,TRUE,NA
401584751,TRUE,"data/raw/2024/summary_2024_20231102_401584751.json",TRUE,TRUE,NA
401584752,TRUE,"data/raw/2024/summary_2024_20231102_401584752.json",TRUE,TRUE,NA
401584753,TRUE,"data/raw/2024/summary_2024_20231102_401584753.json",TRUE,TRUE,NA
401584754,TRUE,"data/raw/2024/summary_2024_20231102_401584754.json",TRUE,TRUE,NA
401584755,TRUE,"data/raw/2024/summary_2024_20231102_401584755.json",TRUE,TRUE,NA
401584756,TRUE,"data/raw/2024/summary_2024_20231102_401584756.json",TRUE,TRUE,NA
401584757,TRUE,"data/raw/2024/summary_2024_20231103_401584757.json",TRUE,TRUE,NA
401584758,TRUE,"data/raw/2024/summary_2024_20231103_401584758.json",TRUE,TRUE,NA
401584759,TRUE,"data/raw/2024/summary_2024_20231103_401584759.json",TRUE,TRUE,NA
401584089,TRUE,"data/raw/2024/summary_2024_20231103_401584089.json",TRUE,TRUE,NA
401584090,TRUE,"data/raw/2024/summary_2024_20231103_401584090.json",TRUE,TRUE,NA
401584091,TRUE,"data/raw/2024/summary_2024_20231104_401584091.json",TRUE,TRUE,NA
401584092,TRUE,"data/raw/2024/summary_2024_20231104_401584092.json",TRUE,TRUE,NA
401584093,TRUE,"data/raw/2024/summary_2024_20231104_401584093.json",TRUE,TRUE,NA
401584094,TRUE,"data/raw/2024/summary_2024_20231104_401584094.json",TRUE,TRUE,NA
401584095,TRUE,"data/raw/2024/summary_2024_20231104_401584095.json",TRUE,TRUE,NA
401584760,TRUE,"data/raw/2024/summary_2024_20231104_401584760.json",TRUE,TRUE,NA
401584761,TRUE,"data/raw/2024/summary_2024_20231104_401584761.json",TRUE,TRUE,NA
401584762,TRUE,"data/raw/2024/summary_2024_20231104_401584762.json",TRUE,TRUE,NA
401584763,TRUE,"data/raw/2024/summary_2024_20231104_401584763.json",TRUE,TRUE,NA
401584764,TRUE,"data/raw/2024/summary_2024_20231105_401584764.json",TRUE,TRUE,NA
401584765,TRUE,"data/raw/2024/summary_2024_20231105_401584765.json",TRUE,TRUE,NA
401584766,TRUE,"data/raw/2024/summary_2024_20231105_401584766.json",TRUE,TRUE,NA
401584767,TRUE,"data/raw/2024/summary_2024_20231105_401584767.json",TRUE,TRUE,NA
401584768,TRUE,"data/raw/2024/summary_2024_20231105_401584768.json",TRUE,TRUE,NA
401584769,TRUE,"data/raw/2024/summary_2024_20231105_401584769.json",TRUE,TRUE,NA
401584770,TRUE,"data/raw/2024/summary_2024_20231105_401584770.json",TRUE,TRUE,NA
401584771,TRUE,"data/raw/2024/summary_2024_20231106_401584771.json",TRUE,TRUE,NA
401584772,TRUE,"data/raw/2024/summary_2024_20231106_401584772.json",TRUE,TRUE,NA
401584773,TRUE,"data/raw/2024/summary_2024_20231107_401584773.json",TRUE,TRUE,NA
401584774,TRUE,"data/raw/2024/summary_2024_20231107_401584774.json",TRUE,TRUE,NA
401584775,TRUE,"data/raw/2024/summary_2024_20231107_401584775.json",TRUE,TRUE,NA
401584776,TRUE,"data/raw/2024/summary_2024_20231107_401584776.json",TRUE,TRUE,NA
401584777,TRUE,"data/raw/2024/summary_2024_20231107_401584777.json",TRUE,TRUE,NA
401584778,TRUE,"data/raw/2024/summary_2024_20231107_401584778.json",TRUE,TRUE,NA
401584779,TRUE,"data/raw/2024/summary_2024_20231107_401584779.json",TRUE,TRUE,NA
401584780,TRUE,"data/raw/2024/summary_2024_20231107_401584780.json",TRUE,TRUE,NA
401584781,TRUE,"data/raw/2024/summary_2024_20231107_401584781.json",TRUE,TRUE,NA
401584782,TRUE,"data/raw/2024/summary_2024_20231107_401584782.json",TRUE,TRUE,NA
401584783,TRUE,"data/raw/2024/summary_2024_20231107_401584783.json",TRUE,TRUE,NA
401584784,TRUE,"data/raw/2024/summary_2024_20231107_401584784.json",TRUE,TRUE,NA
401584785,TRUE,"data/raw/2024/summary_2024_20231109_401584785.json",TRUE,TRUE,NA
401584786,TRUE,"data/raw/2024/summary_2024_20231109_401584786.json",TRUE,TRUE,NA
401584787,TRUE,"data/raw/2024/summary_2024_20231109_401584787.json",TRUE,TRUE,NA
401584788,TRUE,"data/raw/2024/summary_2024_20231109_401584788.json",TRUE,TRUE,NA
401584789,TRUE,"data/raw/2024/summary_2024_20231109_401584789.json",TRUE,TRUE,NA
401584790,TRUE,"data/raw/2024/summary_2024_20231109_401584790.json",TRUE,TRUE,NA
401584791,TRUE,"data/raw/2024/summary_2024_20231109_401584791.json",TRUE,TRUE,NA
401584792,TRUE,"data/raw/2024/summary_2024_20231109_401584792.json",TRUE,TRUE,NA
401584793,TRUE,"data/raw/2024/summary_2024_20231109_401584793.json",TRUE,TRUE,NA
401584794,TRUE,"data/raw/2024/summary_2024_20231109_401584794.json",TRUE,TRUE,NA
401584795,TRUE,"data/raw/2024/summary_2024_20231109_401584795.json",TRUE,TRUE,NA
401584796,TRUE,"data/raw/2024/summary_2024_20231109_401584796.json",TRUE,TRUE,NA
401584797,TRUE,"data/raw/2024/summary_2024_20231109_401584797.json",TRUE,TRUE,NA
401584798,TRUE,"data/raw/2024/summary_2024_20231109_401584798.json",TRUE,TRUE,NA
401584799,TRUE,"data/raw/2024/summary_2024_20231110_401584799.json",TRUE,TRUE,NA
401584800,TRUE,"data/raw/2024/summary_2024_20231110_401584800.json",TRUE,TRUE,NA
401584096,TRUE,"data/raw/2024/summary_2024_20231111_401584096.json",TRUE,TRUE,NA
401584097,TRUE,"data/raw/2024/summary_2024_20231111_401584097.json",TRUE,TRUE,NA
401584098,TRUE,"data/raw/2024/summary_2024_20231111_401584098.json",TRUE,TRUE,NA
401584099,TRUE,"data/raw/2024/summary_2024_20231111_401584099.json",TRUE,TRUE,NA
401584100,TRUE,"data/raw/2024/summary_2024_20231111_401584100.json",TRUE,TRUE,NA
401584101,TRUE,"data/raw/2024/summary_2024_20231111_401584101.json",TRUE,TRUE,NA
401584102,TRUE,"data/raw/2024/summary_2024_20231111_401584102.json",TRUE,TRUE,NA
401584103,TRUE,"data/raw/2024/summary_2024_20231111_401584103.json",TRUE,TRUE,NA
401584104,TRUE,"data/raw/2024/summary_2024_20231111_401584104.json",TRUE,TRUE,NA
401584801,TRUE,"data/raw/2024/summary_2024_20231111_401584801.json",TRUE,TRUE,NA
401584802,TRUE,"data/raw/2024/summary_2024_20231112_401584802.json",TRUE,TRUE,NA
401584803,TRUE,"data/raw/2024/summary_2024_20231112_401584803.json",TRUE,TRUE,NA
401584804,TRUE,"data/raw/2024/summary_2024_20231112_401584804.json",TRUE,TRUE,NA
401584805,TRUE,"data/raw/2024/summary_2024_20231112_401584805.json",TRUE,TRUE,NA
401584806,TRUE,"data/raw/2024/summary_2024_20231112_401584806.json",TRUE,TRUE,NA
401584807,TRUE,"data/raw/2024/summary_2024_20231112_401584807.json",TRUE,TRUE,NA
401584808,TRUE,"data/raw/2024/summary_2024_20231112_401584808.json",TRUE,TRUE,NA
401584809,TRUE,"data/raw/2024/summary_2024_20231113_401584809.json",TRUE,TRUE,NA
401584810,TRUE,"data/raw/2024/summary_2024_20231113_401584810.json",TRUE,TRUE,NA
401584811,TRUE,"data/raw/2024/summary_2024_20231113_401584811.json",TRUE,TRUE,NA
401584812,TRUE,"data/raw/2024/summary_2024_20231113_401584812.json",TRUE,TRUE,NA
401584813,TRUE,"data/raw/2024/summary_2024_20231113_401584813.json",TRUE,TRUE,NA
401584814,TRUE,"data/raw/2024/summary_2024_20231113_401584814.json",TRUE,TRUE,NA
401584815,TRUE,"data/raw/2024/summary_2024_20231113_401584815.json",TRUE,TRUE,NA
401584816,TRUE,"data/raw/2024/summary_2024_20231114_401584816.json",TRUE,TRUE,NA
401584817,TRUE,"data/raw/2024/summary_2024_20231114_401584817.json",TRUE,TRUE,NA
401584818,TRUE,"data/raw/2024/summary_2024_20231114_401584818.json",TRUE,TRUE,NA
401584819,TRUE,"data/raw/2024/summary_2024_20231114_401584819.json",TRUE,TRUE,NA
401584105,TRUE,"data/raw/2024/summary_2024_20231115_401584105.json",TRUE,TRUE,NA
401584106,TRUE,"data/raw/2024/summary_2024_20231115_401584106.json",TRUE,TRUE,NA
401584107,TRUE,"data/raw/2024/summary_2024_20231115_401584107.json",TRUE,TRUE,NA
401584108,TRUE,"data/raw/2024/summary_2024_20231115_401584108.json",TRUE,TRUE,NA
401584109,TRUE,"data/raw/2024/summary_2024_20231115_401584109.json",TRUE,TRUE,NA
401584110,TRUE,"data/raw/2024/summary_2024_20231115_401584110.json",TRUE,TRUE,NA
401584111,TRUE,"data/raw/2024/summary_2024_20231115_401584111.json",TRUE,TRUE,NA
401584112,TRUE,"data/raw/2024/summary_2024_20231115_401584112.json",TRUE,TRUE,NA
401584113,TRUE,"data/raw/2024/summary_2024_20231115_401584113.json",TRUE,TRUE,NA
401584114,TRUE,"data/raw/2024/summary_2024_20231115_401584114.json",TRUE,TRUE,NA
401584820,TRUE,"data/raw/2024/summary_2024_20231116_401584820.json",TRUE,TRUE,NA
401584821,TRUE,"data/raw/2024/summary_2024_20231116_401584821.json",TRUE,TRUE,NA
401584822,TRUE,"data/raw/2024/summary_2024_20231116_401584822.json",TRUE,TRUE,NA
401584823,TRUE,"data/raw/2024/summary_2024_20231116_401584823.json",TRUE,TRUE,NA
401584824,TRUE,"data/raw/2024/summary_2024_20231116_401584824.json",TRUE,TRUE,NA
401584825,TRUE,"data/raw/2024/summary_2024_20231116_401584825.json",TRUE,TRUE,NA
401584826,TRUE,"data/raw/2024/summary_2024_20231116_401584826.json",TRUE,TRUE,NA
401584827,TRUE,"data/raw/2024/summary_2024_20231116_401584827.json",TRUE,TRUE,NA
401584828,TRUE,"data/raw/2024/summary_2024_20231117_401584828.json",TRUE,TRUE,NA
401584829,TRUE,"data/raw/2024/summary_2024_20231117_401584829.json",TRUE,TRUE,NA
401584115,TRUE,"data/raw/2024/summary_2024_20231118_401584115.json",TRUE,TRUE,NA
401584116,TRUE,"data/raw/2024/summary_2024_20231118_401584116.json",TRUE,TRUE,NA
401584117,TRUE,"data/raw/2024/summary_2024_20231118_401584117.json",TRUE,TRUE,NA
401584118,TRUE,"data/raw/2024/summary_2024_20231118_401584118.json",TRUE,TRUE,NA
401584119,TRUE,"data/raw/2024/summary_2024_20231118_401584119.json",TRUE,TRUE,NA
401584120,TRUE,"data/raw/2024/summary_2024_20231118_401584120.json",TRUE,TRUE,NA
401584121,TRUE,"data/raw/2024/summary_2024_20231118_401584121.json",TRUE,TRUE,NA
401584122,TRUE,"data/raw/2024/summary_2024_20231118_401584122.json",TRUE,TRUE,NA
401584123,TRUE,"data/raw/2024/summary_2024_20231118_401584123.json",TRUE,TRUE,NA
401584124,TRUE,"data/raw/2024/summary_2024_20231118_401584124.json",TRUE,TRUE,NA
401584125,TRUE,"data/raw/2024/summary_2024_20231118_401584125.json",TRUE,TRUE,NA
401584830,TRUE,"data/raw/2024/summary_2024_20231118_401584830.json",TRUE,TRUE,NA
401584831,TRUE,"data/raw/2024/summary_2024_20231119_401584831.json",TRUE,TRUE,NA
401584832,TRUE,"data/raw/2024/summary_2024_20231119_401584832.json",TRUE,TRUE,NA
401584833,TRUE,"data/raw/2024/summary_2024_20231119_401584833.json",TRUE,TRUE,NA
401584834,TRUE,"data/raw/2024/summary_2024_20231119_401584834.json",TRUE,TRUE,NA
401584835,TRUE,"data/raw/2024/summary_2024_20231119_401584835.json",TRUE,TRUE,NA
401584836,TRUE,"data/raw/2024/summary_2024_20231119_401584836.json",TRUE,TRUE,NA
401584839,TRUE,"data/raw/2024/summary_2024_20231119_401584839.json",TRUE,TRUE,NA
401584837,TRUE,"data/raw/2024/summary_2024_20231119_401584837.json",TRUE,TRUE,NA
401584838,TRUE,"data/raw/2024/summary_2024_20231119_401584838.json",TRUE,TRUE,NA
401584840,TRUE,"data/raw/2024/summary_2024_20231120_401584840.json",TRUE,TRUE,NA
401584841,TRUE,"data/raw/2024/summary_2024_20231120_401584841.json",TRUE,TRUE,NA
401584842,TRUE,"data/raw/2024/summary_2024_20231120_401584842.json",TRUE,TRUE,NA
401584843,TRUE,"data/raw/2024/summary_2024_20231120_401584843.json",TRUE,TRUE,NA
401584844,TRUE,"data/raw/2024/summary_2024_20231120_401584844.json",TRUE,TRUE,NA
401584845,TRUE,"data/raw/2024/summary_2024_20231121_401584845.json",TRUE,TRUE,NA
401584846,TRUE,"data/raw/2024/summary_2024_20231121_401584846.json",TRUE,TRUE,NA
401584847,TRUE,"data/raw/2024/summary_2024_20231121_401584847.json",TRUE,TRUE,NA
401584848,TRUE,"data/raw/2024/summary_2024_20231121_401584848.json",TRUE,TRUE,NA
401584849,TRUE,"data/raw/2024/summary_2024_20231121_401584849.json",TRUE,TRUE,NA
401584850,TRUE,"data/raw/2024/summary_2024_20231121_401584850.json",TRUE,TRUE,NA
401584851,TRUE,"data/raw/2024/summary_2024_20231121_401584851.json",TRUE,TRUE,NA
401584852,TRUE,"data/raw/2024/summary_2024_20231121_401584852.json",TRUE,TRUE,NA
401584126,TRUE,"data/raw/2024/summary_2024_20231122_401584126.json",TRUE,TRUE,NA
401584127,TRUE,"data/raw/2024/summary_2024_20231122_401584127.json",TRUE,TRUE,NA
401584128,TRUE,"data/raw/2024/summary_2024_20231122_401584128.json",TRUE,TRUE,NA
401584129,TRUE,"data/raw/2024/summary_2024_20231122_401584129.json",TRUE,TRUE,NA
401584130,TRUE,"data/raw/2024/summary_2024_20231122_401584130.json",TRUE,TRUE,NA
401584853,TRUE,"data/raw/2024/summary_2024_20231123_401584853.json",TRUE,TRUE,NA
401584854,TRUE,"data/raw/2024/summary_2024_20231123_401584854.json",TRUE,TRUE,NA
401584855,TRUE,"data/raw/2024/summary_2024_20231123_401584855.json",TRUE,TRUE,NA
401584856,TRUE,"data/raw/2024/summary_2024_20231123_401584856.json",TRUE,TRUE,NA
401584857,TRUE,"data/raw/2024/summary_2024_20231123_401584857.json",TRUE,TRUE,NA
401584858,TRUE,"data/raw/2024/summary_2024_20231123_401584858.json",TRUE,TRUE,NA
401584859,TRUE,"data/raw/2024/summary_2024_20231123_401584859.json",TRUE,TRUE,NA
401584860,TRUE,"data/raw/2024/summary_2024_20231123_401584860.json",TRUE,TRUE,NA
401584861,TRUE,"data/raw/2024/summary_2024_20231123_401584861.json",TRUE,TRUE,NA
401584862,TRUE,"data/raw/2024/summary_2024_20231123_401584862.json",TRUE,TRUE,NA
401584863,TRUE,"data/raw/2024/summary_2024_20231123_401584863.json",TRUE,TRUE,NA
401584864,TRUE,"data/raw/2024/summary_2024_20231123_401584864.json",TRUE,TRUE,NA
401584865,TRUE,"data/raw/2024/summary_2024_20231123_401584865.json",TRUE,TRUE,NA
401584866,TRUE,"data/raw/2024/summary_2024_20231123_401584866.json",TRUE,TRUE,NA
401584131,TRUE,"data/raw/2024/summary_2024_20231124_401584131.json",TRUE,TRUE,NA
401584132,TRUE,"data/raw/2024/summary_2024_20231124_401584132.json",TRUE,TRUE,NA
401584133,TRUE,"data/raw/2024/summary_2024_20231125_401584133.json",TRUE,TRUE,NA
401584134,TRUE,"data/raw/2024/summary_2024_20231125_401584134.json",TRUE,TRUE,NA
401584135,TRUE,"data/raw/2024/summary_2024_20231125_401584135.json",TRUE,TRUE,NA
401584136,TRUE,"data/raw/2024/summary_2024_20231125_401584136.json",TRUE,TRUE,NA
401584137,TRUE,"data/raw/2024/summary_2024_20231125_401584137.json",TRUE,TRUE,NA
401584138,TRUE,"data/raw/2024/summary_2024_20231125_401584138.json",TRUE,TRUE,NA
401584139,TRUE,"data/raw/2024/summary_2024_20231125_401584139.json",TRUE,TRUE,NA
401584140,TRUE,"data/raw/2024/summary_2024_20231125_401584140.json",TRUE,TRUE,NA
401584867,TRUE,"data/raw/2024/summary_2024_20231125_401584867.json",TRUE,TRUE,NA
401584868,TRUE,"data/raw/2024/summary_2024_20231125_401584868.json",TRUE,TRUE,NA
401584869,TRUE,"data/raw/2024/summary_2024_20231126_401584869.json",TRUE,TRUE,NA
401584870,TRUE,"data/raw/2024/summary_2024_20231126_401584870.json",TRUE,TRUE,NA
401584871,TRUE,"data/raw/2024/summary_2024_20231126_401584871.json",TRUE,TRUE,NA
401584872,TRUE,"data/raw/2024/summary_2024_20231126_401584872.json",TRUE,TRUE,NA
401584873,TRUE,"data/raw/2024/summary_2024_20231126_401584873.json",TRUE,TRUE,NA
401584874,TRUE,"data/raw/2024/summary_2024_20231126_401584874.json",TRUE,TRUE,NA
401584875,TRUE,"data/raw/2024/summary_2024_20231126_401584875.json",TRUE,TRUE,NA
401584876,TRUE,"data/raw/2024/summary_2024_20231126_401584876.json",TRUE,TRUE,NA
401584877,TRUE,"data/raw/2024/summary_2024_20231126_401584877.json",TRUE,TRUE,NA
401584878,TRUE,"data/raw/2024/summary_2024_20231127_401584878.json",TRUE,TRUE,NA
401584879,TRUE,"data/raw/2024/summary_2024_20231127_401584879.json",TRUE,TRUE,NA
401584880,TRUE,"data/raw/2024/summary_2024_20231127_401584880.json",TRUE,TRUE,NA
401584881,TRUE,"data/raw/2024/summary_2024_20231128_401584881.json",TRUE,TRUE,NA
401584882,TRUE,"data/raw/2024/summary_2024_20231128_401584882.json",TRUE,TRUE,NA
401584883,TRUE,"data/raw/2024/summary_2024_20231128_401584883.json",TRUE,TRUE,NA
401584884,TRUE,"data/raw/2024/summary_2024_20231128_401584884.json",TRUE,TRUE,NA
401584885,TRUE,"data/raw/2024/summary_2024_20231128_401584885.json",TRUE,TRUE,NA
401584141,TRUE,"data/raw/2024/summary_2024_20231129_401584141.json",TRUE,TRUE,NA
401584142,TRUE,"data/raw/2024/summary_2024_20231129_401584142.json",TRUE,TRUE,NA
401584143,TRUE,"data/raw/2024/summary_2024_20231129_401584143.json",TRUE,TRUE,NA
401584144,TRUE,"data/raw/2024/summary_2024_20231129_401584144.json",TRUE,TRUE,NA
401584145,TRUE,"data/raw/2024/summary_2024_20231129_401584145.json",TRUE,TRUE,NA
401584146,TRUE,"data/raw/2024/summary_2024_20231129_401584146.json",TRUE,TRUE,NA
401584147,TRUE,"data/raw/2024/summary_2024_20231129_401584147.json",TRUE,TRUE,NA
401584148,TRUE,"data/raw/2024/summary_2024_20231129_401584148.json",TRUE,TRUE,NA
401584886,TRUE,"data/raw/2024/summary_2024_20231130_401584886.json",TRUE,TRUE,NA
401584887,TRUE,"data/raw/2024/summary_2024_20231130_401584887.json",TRUE,TRUE,NA
401584888,TRUE,"data/raw/2024/summary_2024_20231130_401584888.json",TRUE,TRUE,NA
401584889,TRUE,"data/raw/2024/summary_2024_20231130_401584889.json",TRUE,TRUE,NA
401584890,TRUE,"data/raw/2024/summary_2024_20231130_401584890.json",TRUE,TRUE,NA
401584891,TRUE,"data/raw/2024/summary_2024_20231130_401584891.json",TRUE,TRUE,NA
401584892,TRUE,"data/raw/2024/summary_2024_20231130_401584892.json",TRUE,TRUE,NA
401584893,TRUE,"data/raw/2024/summary_2024_20231201_401584893.json",TRUE,TRUE,NA
401584894,TRUE,"data/raw/2024/summary_2024_20231201_401584894.json",TRUE,TRUE,NA
401584895,TRUE,"data/raw/2024/summary_2024_20231201_401584895.json",TRUE,TRUE,NA
401584896,TRUE,"data/raw/2024/summary_2024_20231201_401584896.json",TRUE,TRUE,NA
401584897,TRUE,"data/raw/2024/summary_2024_20231201_401584897.json",TRUE,TRUE,NA
401584898,TRUE,"data/raw/2024/summary_2024_20231201_401584898.json",TRUE,TRUE,NA
401584899,TRUE,"data/raw/2024/summary_2024_20231201_401584899.json",TRUE,TRUE,NA
401584900,TRUE,"data/raw/2024/summary_2024_20231201_401584900.json",TRUE,TRUE,NA
401584901,TRUE,"data/raw/2024/summary_2024_20231201_401584901.json",TRUE,TRUE,NA
401584902,TRUE,"data/raw/2024/summary_2024_20231202_401584902.json",TRUE,TRUE,NA
401584903,TRUE,"data/raw/2024/summary_2024_20231202_401584903.json",TRUE,TRUE,NA
401584904,TRUE,"data/raw/2024/summary_2024_20231202_401584904.json",TRUE,TRUE,NA
401584905,TRUE,"data/raw/2024/summary_2024_20231202_401584905.json",TRUE,TRUE,NA
401584906,TRUE,"data/raw/2024/summary_2024_20231202_401584906.json",TRUE,TRUE,NA
401584907,TRUE,"data/raw/2024/summary_2024_20231202_401584907.json",TRUE,TRUE,NA
401584908,TRUE,"data/raw/2024/summary_2024_20231202_401584908.json",TRUE,TRUE,NA
401584909,TRUE,"data/raw/2024/summary_2024_20231202_401584909.json",TRUE,TRUE,NA
401584910,TRUE,"data/raw/2024/summary_2024_20231203_401584910.json",TRUE,TRUE,NA
401584911,TRUE,"data/raw/2024/summary_2024_20231203_401584911.json",TRUE,TRUE,NA
401584912,TRUE,"data/raw/2024/summary_2024_20231203_401584912.json",TRUE,TRUE,NA
401584913,TRUE,"data/raw/2024/summary_2024_20231203_401584913.json",TRUE,TRUE,NA
401584914,TRUE,"data/raw/2024/summary_2024_20231203_401584914.json",TRUE,TRUE,NA
401584915,TRUE,"data/raw/2024/summary_2024_20231203_401584915.json",TRUE,TRUE,NA
401584916,TRUE,"data/raw/2024/summary_2024_20231203_401584916.json",TRUE,TRUE,NA
401584917,TRUE,"data/raw/2024/summary_2024_20231203_401584917.json",TRUE,TRUE,NA
401584918,TRUE,"data/raw/2024/summary_2024_20231203_401584918.json",TRUE,TRUE,NA
401584919,TRUE,"data/raw/2024/summary_2024_20231203_401584919.json",TRUE,TRUE,NA
401607491,TRUE,"data/raw/2024/summary_2024_20231205_401607491.json",TRUE,TRUE,NA
401607492,TRUE,"data/raw/2024/summary_2024_20231205_401607492.json",TRUE,TRUE,NA
401607489,TRUE,"data/raw/2024/summary_2024_20231206_401607489.json",TRUE,TRUE,NA
401607490,TRUE,"data/raw/2024/summary_2024_20231206_401607490.json",TRUE,TRUE,NA
401616459,TRUE,"data/raw/2024/summary_2024_20231207_401616459.json",TRUE,TRUE,NA
401616460,TRUE,"data/raw/2024/summary_2024_20231207_401616460.json",TRUE,TRUE,NA
401616462,TRUE,"data/raw/2024/summary_2024_20231207_401616462.json",TRUE,TRUE,NA
401616461,TRUE,"data/raw/2024/summary_2024_20231207_401616461.json",TRUE,TRUE,NA
401616463,TRUE,"data/raw/2024/summary_2024_20231207_401616463.json",TRUE,TRUE,NA
401616464,TRUE,"data/raw/2024/summary_2024_20231207_401616464.json",TRUE,TRUE,NA
401616465,TRUE,"data/raw/2024/summary_2024_20231207_401616465.json",TRUE,TRUE,NA
401616466,TRUE,"data/raw/2024/summary_2024_20231207_401616466.json",TRUE,TRUE,NA
401616467,TRUE,"data/raw/2024/summary_2024_20231207_401616467.json",TRUE,TRUE,NA
401616468,TRUE,"data/raw/2024/summary_2024_20231207_401616468.json",TRUE,TRUE,NA
401616469,TRUE,"data/raw/2024/summary_2024_20231207_401616469.json",TRUE,TRUE,NA
401607494,TRUE,"data/raw/2024/summary_2024_20231207_401607494.json",TRUE,TRUE,NA
401607493,TRUE,"data/raw/2024/summary_2024_20231208_401607493.json",TRUE,TRUE,NA
401616470,TRUE,"data/raw/2024/summary_2024_20231209_401616470.json",TRUE,TRUE,NA
401616471,TRUE,"data/raw/2024/summary_2024_20231209_401616471.json",TRUE,TRUE,NA
401616472,TRUE,"data/raw/2024/summary_2024_20231209_401616472.json",TRUE,TRUE,NA
401616473,TRUE,"data/raw/2024/summary_2024_20231209_401616473.json",TRUE,TRUE,NA
401617579,TRUE,"data/raw/2024/summary_2024_20231209_401617579.json",TRUE,TRUE,NA
401616474,TRUE,"data/raw/2024/summary_2024_20231209_401616474.json",TRUE,TRUE,NA
401616475,TRUE,"data/raw/2024/summary_2024_20231209_401616475.json",TRUE,TRUE,NA
401616476,TRUE,"data/raw/2024/summary_2024_20231209_401616476.json",TRUE,TRUE,NA
401616477,TRUE,"data/raw/2024/summary_2024_20231209_401616477.json",TRUE,TRUE,NA
401616478,TRUE,"data/raw/2024/summary_2024_20231209_401616478.json",TRUE,TRUE,NA
401617581,TRUE,"data/raw/2024/summary_2024_20231209_401617581.json",TRUE,TRUE,NA
401616479,TRUE,"data/raw/2024/summary_2024_20231209_401616479.json",TRUE,TRUE,NA
401616480,TRUE,"data/raw/2024/summary_2024_20231209_401616480.json",TRUE,TRUE,NA
401607495,TRUE,"data/raw/2024/summary_2024_20231210_401607495.json",TRUE,TRUE,NA
401584920,TRUE,"data/raw/2024/summary_2024_20231212_401584920.json",TRUE,TRUE,NA
401584921,TRUE,"data/raw/2024/summary_2024_20231212_401584921.json",TRUE,TRUE,NA
401584922,TRUE,"data/raw/2024/summary_2024_20231212_401584922.json",TRUE,TRUE,NA
401584923,TRUE,"data/raw/2024/summary_2024_20231212_401584923.json",TRUE,TRUE,NA
401584924,TRUE,"data/raw/2024/summary_2024_20231212_401584924.json",TRUE,TRUE,NA
401584925,TRUE,"data/raw/2024/summary_2024_20231212_401584925.json",TRUE,TRUE,NA
401584926,TRUE,"data/raw/2024/summary_2024_20231212_401584926.json",TRUE,TRUE,NA
401584927,TRUE,"data/raw/2024/summary_2024_20231212_401584927.json",TRUE,TRUE,NA
401584928,TRUE,"data/raw/2024/summary_2024_20231212_401584928.json",TRUE,TRUE,NA
401584929,TRUE,"data/raw/2024/summary_2024_20231212_401584929.json",TRUE,TRUE,NA
401584930,TRUE,"data/raw/2024/summary_2024_20231212_401584930.json",TRUE,TRUE,NA
401584931,TRUE,"data/raw/2024/summary_2024_20231212_401584931.json",TRUE,TRUE,NA
401584932,TRUE,"data/raw/2024/summary_2024_20231212_401584932.json",TRUE,TRUE,NA
401584933,TRUE,"data/raw/2024/summary_2024_20231213_401584933.json",TRUE,TRUE,NA
401584934,TRUE,"data/raw/2024/summary_2024_20231213_401584934.json",TRUE,TRUE,NA
401584935,TRUE,"data/raw/2024/summary_2024_20231213_401584935.json",TRUE,TRUE,NA
401584936,TRUE,"data/raw/2024/summary_2024_20231213_401584936.json",TRUE,TRUE,NA
401584937,TRUE,"data/raw/2024/summary_2024_20231213_401584937.json",TRUE,TRUE,NA
401584938,TRUE,"data/raw/2024/summary_2024_20231214_401584938.json",TRUE,TRUE,NA
401584939,TRUE,"data/raw/2024/summary_2024_20231214_401584939.json",TRUE,TRUE,NA
401584940,TRUE,"data/raw/2024/summary_2024_20231214_401584940.json",TRUE,TRUE,NA
401584941,TRUE,"data/raw/2024/summary_2024_20231214_401584941.json",TRUE,TRUE,NA
401584942,TRUE,"data/raw/2024/summary_2024_20231214_401584942.json",TRUE,TRUE,NA
401584943,TRUE,"data/raw/2024/summary_2024_20231214_401584943.json",TRUE,TRUE,NA
401584944,TRUE,"data/raw/2024/summary_2024_20231214_401584944.json",TRUE,TRUE,NA
401584945,TRUE,"data/raw/2024/summary_2024_20231214_401584945.json",TRUE,TRUE,NA
401584946,TRUE,"data/raw/2024/summary_2024_20231214_401584946.json",TRUE,TRUE,NA
401584947,TRUE,"data/raw/2024/summary_2024_20231215_401584947.json",TRUE,TRUE,NA
401584948,TRUE,"data/raw/2024/summary_2024_20231215_401584948.json",TRUE,TRUE,NA
401584949,TRUE,"data/raw/2024/summary_2024_20231215_401584949.json",TRUE,TRUE,NA
401584950,TRUE,"data/raw/2024/summary_2024_20231215_401584950.json",TRUE,TRUE,NA
401584951,TRUE,"data/raw/2024/summary_2024_20231215_401584951.json",TRUE,TRUE,NA
401584952,TRUE,"data/raw/2024/summary_2024_20231215_401584952.json",TRUE,TRUE,NA
401584953,TRUE,"data/raw/2024/summary_2024_20231215_401584953.json",TRUE,TRUE,NA
401584954,TRUE,"data/raw/2024/summary_2024_20231216_401584954.json",TRUE,TRUE,NA
401584955,TRUE,"data/raw/2024/summary_2024_20231216_401584955.json",TRUE,TRUE,NA
401584956,TRUE,"data/raw/2024/summary_2024_20231216_401584956.json",TRUE,TRUE,NA
401584957,TRUE,"data/raw/2024/summary_2024_20231216_401584957.json",TRUE,TRUE,NA
401584958,TRUE,"data/raw/2024/summary_2024_20231216_401584958.json",TRUE,TRUE,NA
401584959,TRUE,"data/raw/2024/summary_2024_20231216_401584959.json",TRUE,TRUE,NA
401584960,TRUE,"data/raw/2024/summary_2024_20231216_401584960.json",TRUE,TRUE,NA
401584961,TRUE,"data/raw/2024/summary_2024_20231216_401584961.json",TRUE,TRUE,NA
401584962,TRUE,"data/raw/2024/summary_2024_20231216_401584962.json",TRUE,TRUE,NA
401584963,TRUE,"data/raw/2024/summary_2024_20231217_401584963.json",TRUE,TRUE,NA
401584964,TRUE,"data/raw/2024/summary_2024_20231217_401584964.json",TRUE,TRUE,NA
401584965,TRUE,"data/raw/2024/summary_2024_20231217_401584965.json",TRUE,TRUE,NA
401584966,TRUE,"data/raw/2024/summary_2024_20231217_401584966.json",TRUE,TRUE,NA
401584967,TRUE,"data/raw/2024/summary_2024_20231217_401584967.json",TRUE,TRUE,NA
401584968,TRUE,"data/raw/2024/summary_2024_20231217_401584968.json",TRUE,TRUE,NA
401584969,TRUE,"data/raw/2024/summary_2024_20231217_401584969.json",TRUE,TRUE,NA
401584970,TRUE,"data/raw/2024/summary_2024_20231217_401584970.json",TRUE,TRUE,NA
401584971,TRUE,"data/raw/2024/summary_2024_20231217_401584971.json",TRUE,TRUE,NA
401584972,TRUE,"data/raw/2024/summary_2024_20231217_401584972.json",TRUE,TRUE,NA
401584973,TRUE,"data/raw/2024/summary_2024_20231217_401584973.json",TRUE,TRUE,NA
401584974,TRUE,"data/raw/2024/summary_2024_20231218_401584974.json",TRUE,TRUE,NA
401584975,TRUE,"data/raw/2024/summary_2024_20231218_401584975.json",TRUE,TRUE,NA
401584976,TRUE,"data/raw/2024/summary_2024_20231218_401584976.json",TRUE,TRUE,NA
401584977,TRUE,"data/raw/2024/summary_2024_20231219_401584977.json",TRUE,TRUE,NA
401584978,TRUE,"data/raw/2024/summary_2024_20231219_401584978.json",TRUE,TRUE,NA
401584979,TRUE,"data/raw/2024/summary_2024_20231219_401584979.json",TRUE,TRUE,NA
401584980,TRUE,"data/raw/2024/summary_2024_20231219_401584980.json",TRUE,TRUE,NA
401584981,TRUE,"data/raw/2024/summary_2024_20231219_401584981.json",TRUE,TRUE,NA
401584982,TRUE,"data/raw/2024/summary_2024_20231219_401584982.json",TRUE,TRUE,NA
401584983,TRUE,"data/raw/2024/summary_2024_20231219_401584983.json",TRUE,TRUE,NA
401584984,TRUE,"data/raw/2024/summary_2024_20231219_401584984.json",TRUE,TRUE,NA
401584985,TRUE,"data/raw/2024/summary_2024_20231219_401584985.json",TRUE,TRUE,NA
401584986,TRUE,"data/raw/2024/summary_2024_20231219_401584986.json",TRUE,TRUE,NA
401584987,TRUE,"data/raw/2024/summary_2024_20231219_401584987.json",TRUE,TRUE,NA
401584988,TRUE,"data/raw/2024/summary_2024_20231220_401584988.json",TRUE,TRUE,NA
401584989,TRUE,"data/raw/2024/summary_2024_20231220_401584989.json",TRUE,TRUE,NA
401584990,TRUE,"data/raw/2024/summary_2024_20231220_401584990.json",TRUE,TRUE,NA
401584991,TRUE,"data/raw/2024/summary_2024_20231220_401584991.json",TRUE,TRUE,NA
401584992,TRUE,"data/raw/2024/summary_2024_20231221_401584992.json",TRUE,TRUE,NA
401584993,TRUE,"data/raw/2024/summary_2024_20231221_401584993.json",TRUE,TRUE,NA
401584994,TRUE,"data/raw/2024/summary_2024_20231221_401584994.json",TRUE,TRUE,NA
401584995,TRUE,"data/raw/2024/summary_2024_20231221_401584995.json",TRUE,TRUE,NA
401584996,TRUE,"data/raw/2024/summary_2024_20231221_401584996.json",TRUE,TRUE,NA
401584997,TRUE,"data/raw/2024/summary_2024_20231221_401584997.json",TRUE,TRUE,NA
401584998,TRUE,"data/raw/2024/summary_2024_20231221_401584998.json",TRUE,TRUE,NA
401584999,TRUE,"data/raw/2024/summary_2024_20231221_401584999.json",TRUE,TRUE,NA
401585000,TRUE,"data/raw/2024/summary_2024_20231221_401585000.json",TRUE,TRUE,NA
401585001,TRUE,"data/raw/2024/summary_2024_20231221_401585001.json",TRUE,TRUE,NA
401585002,TRUE,"data/raw/2024/summary_2024_20231222_401585002.json",TRUE,TRUE,NA
401585003,TRUE,"data/raw/2024/summary_2024_20231222_401585003.json",TRUE,TRUE,NA
401585004,TRUE,"data/raw/2024/summary_2024_20231222_401585004.json",TRUE,TRUE,NA
401585005,TRUE,"data/raw/2024/summary_2024_20231222_401585005.json",TRUE,TRUE,NA
401585006,TRUE,"data/raw/2024/summary_2024_20231222_401585006.json",TRUE,TRUE,NA
401585007,TRUE,"data/raw/2024/summary_2024_20231222_401585007.json",TRUE,TRUE,NA
401585008,TRUE,"data/raw/2024/summary_2024_20231222_401585008.json",TRUE,TRUE,NA
401585009,TRUE,"data/raw/2024/summary_2024_20231222_401585009.json",TRUE,TRUE,NA
401585010,TRUE,"data/raw/2024/summary_2024_20231223_401585010.json",TRUE,TRUE,NA
401585011,TRUE,"data/raw/2024/summary_2024_20231223_401585011.json",TRUE,TRUE,NA
401585012,TRUE,"data/raw/2024/summary_2024_20231223_401585012.json",TRUE,TRUE,NA
401585013,TRUE,"data/raw/2024/summary_2024_20231223_401585013.json",TRUE,TRUE,NA
401585015,TRUE,"data/raw/2024/summary_2024_20231223_401585015.json",TRUE,TRUE,NA
401585014,TRUE,"data/raw/2024/summary_2024_20231223_401585014.json",TRUE,TRUE,NA
401585016,TRUE,"data/raw/2024/summary_2024_20231223_401585016.json",TRUE,TRUE,NA
401585017,TRUE,"data/raw/2024/summary_2024_20231223_401585017.json",TRUE,TRUE,NA
401585018,TRUE,"data/raw/2024/summary_2024_20231224_401585018.json",TRUE,TRUE,NA
401585019,TRUE,"data/raw/2024/summary_2024_20231224_401585019.json",TRUE,TRUE,NA
401585020,TRUE,"data/raw/2024/summary_2024_20231224_401585020.json",TRUE,TRUE,NA
401585021,TRUE,"data/raw/2024/summary_2024_20231224_401585021.json",TRUE,TRUE,NA
401585022,TRUE,"data/raw/2024/summary_2024_20231224_401585022.json",TRUE,TRUE,NA
401585023,TRUE,"data/raw/2024/summary_2024_20231224_401585023.json",TRUE,TRUE,NA
401585024,TRUE,"data/raw/2024/summary_2024_20231224_401585024.json",TRUE,TRUE,NA
401585025,TRUE,"data/raw/2024/summary_2024_20231224_401585025.json",TRUE,TRUE,NA
401585026,TRUE,"data/raw/2024/summary_2024_20231224_401585026.json",TRUE,TRUE,NA
401585027,TRUE,"data/raw/2024/summary_2024_20231224_401585027.json",TRUE,TRUE,NA
401585028,TRUE,"data/raw/2024/summary_2024_20231224_401585028.json",TRUE,TRUE,NA
401585029,TRUE,"data/raw/2024/summary_2024_20231225_401585029.json",TRUE,TRUE,NA
401585030,TRUE,"data/raw/2024/summary_2024_20231225_401585030.json",TRUE,TRUE,NA
401585031,TRUE,"data/raw/2024/summary_2024_20231225_401585031.json",TRUE,TRUE,NA
401585032,TRUE,"data/raw/2024/summary_2024_20231226_401585032.json",TRUE,TRUE,NA
401585033,TRUE,"data/raw/2024/summary_2024_20231226_401585033.json",TRUE,TRUE,NA
401585034,TRUE,"data/raw/2024/summary_2024_20231227_401585034.json",TRUE,TRUE,NA
401585035,TRUE,"data/raw/2024/summary_2024_20231227_401585035.json",TRUE,TRUE,NA
401585036,TRUE,"data/raw/2024/summary_2024_20231227_401585036.json",TRUE,TRUE,NA
401585037,TRUE,"data/raw/2024/summary_2024_20231227_401585037.json",TRUE,TRUE,NA
401585038,TRUE,"data/raw/2024/summary_2024_20231227_401585038.json",TRUE,TRUE,NA
401585039,TRUE,"data/raw/2024/summary_2024_20231227_401585039.json",TRUE,TRUE,NA
401585040,TRUE,"data/raw/2024/summary_2024_20231227_401585040.json",TRUE,TRUE,NA
401585041,TRUE,"data/raw/2024/summary_2024_20231227_401585041.json",TRUE,TRUE,NA
401585042,TRUE,"data/raw/2024/summary_2024_20231227_401585042.json",TRUE,TRUE,NA
401585043,TRUE,"data/raw/2024/summary_2024_20231228_401585043.json",TRUE,TRUE,NA
401585044,TRUE,"data/raw/2024/summary_2024_20231228_401585044.json",TRUE,TRUE,NA
401585045,TRUE,"data/raw/2024/summary_2024_20231228_401585045.json",TRUE,TRUE,NA
401585046,TRUE,"data/raw/2024/summary_2024_20231228_401585046.json",TRUE,TRUE,NA
401585047,TRUE,"data/raw/2024/summary_2024_20231228_401585047.json",TRUE,TRUE,NA
401585048,TRUE,"data/raw/2024/summary_2024_20231228_401585048.json",TRUE,TRUE,NA
401585049,TRUE,"data/raw/2024/summary_2024_20231229_401585049.json",TRUE,TRUE,NA
401585050,TRUE,"data/raw/2024/summary_2024_20231229_401585050.json",TRUE,TRUE,NA
401585051,TRUE,"data/raw/2024/summary_2024_20231229_401585051.json",TRUE,TRUE,NA
401585052,TRUE,"data/raw/2024/summary_2024_20231229_401585052.json",TRUE,TRUE,NA
401585053,TRUE,"data/raw/2024/summary_2024_20231229_401585053.json",TRUE,TRUE,NA
401585054,TRUE,"data/raw/2024/summary_2024_20231229_401585054.json",TRUE,TRUE,NA
401585055,TRUE,"data/raw/2024/summary_2024_20231229_401585055.json",TRUE,TRUE,NA
401585056,TRUE,"data/raw/2024/summary_2024_20231229_401585056.json",TRUE,TRUE,NA
401585057,TRUE,"data/raw/2024/summary_2024_20231230_401585057.json",TRUE,TRUE,NA
401585058,TRUE,"data/raw/2024/summary_2024_20231230_401585058.json",TRUE,TRUE,NA
401585059,TRUE,"data/raw/2024/summary_2024_20231230_401585059.json",TRUE,TRUE,NA
401585060,TRUE,"data/raw/2024/summary_2024_20231230_401585060.json",TRUE,TRUE,NA
401585061,TRUE,"data/raw/2024/summary_2024_20231230_401585061.json",TRUE,TRUE,NA
401585062,TRUE,"data/raw/2024/summary_2024_20231230_401585062.json",TRUE,TRUE,NA
401585063,TRUE,"data/raw/2024/summary_2024_20231230_401585063.json",TRUE,TRUE,NA
401585064,TRUE,"data/raw/2024/summary_2024_20231230_401585064.json",TRUE,TRUE,NA
401585065,TRUE,"data/raw/2024/summary_2024_20231230_401585065.json",TRUE,TRUE,NA
401585066,TRUE,"data/raw/2024/summary_2024_20231230_401585066.json",TRUE,TRUE,NA
401585067,TRUE,"data/raw/2024/summary_2024_20231230_401585067.json",TRUE,TRUE,NA
401585068,TRUE,"data/raw/2024/summary_2024_20231230_401585068.json",TRUE,TRUE,NA
401585069,TRUE,"data/raw/2024/summary_2024_20231231_401585069.json",TRUE,TRUE,NA
401585070,TRUE,"data/raw/2024/summary_2024_20231231_401585070.json",TRUE,TRUE,NA
401585071,TRUE,"data/raw/2024/summary_2024_20231231_401585071.json",TRUE,TRUE,NA
401585072,TRUE,"data/raw/2024/summary_2024_20231231_401585072.json",TRUE,TRUE,NA
401585073,TRUE,"data/raw/2024/summary_2024_20231231_401585073.json",TRUE,TRUE,NA
401585074,TRUE,"data/raw/2024/summary_2024_20240101_401585074.json",TRUE,TRUE,NA
401585075,TRUE,"data/raw/2024/summary_2024_20240101_401585075.json",TRUE,TRUE,NA
401585076,TRUE,"data/raw/2024/summary_2024_20240101_401585076.json",TRUE,TRUE,NA
401585077,TRUE,"data/raw/2024/summary_2024_20240101_401585077.json",TRUE,TRUE,NA
401585078,TRUE,"data/raw/2024/summary_2024_20240101_401585078.json",TRUE,TRUE,NA
401585079,TRUE,"data/raw/2024/summary_2024_20240101_401585079.json",TRUE,TRUE,NA
401585080,TRUE,"data/raw/2024/summary_2024_20240102_401585080.json",TRUE,TRUE,NA
401585081,TRUE,"data/raw/2024/summary_2024_20240102_401585081.json",TRUE,TRUE,NA
401585082,TRUE,"data/raw/2024/summary_2024_20240102_401585082.json",TRUE,TRUE,NA
401585083,TRUE,"data/raw/2024/summary_2024_20240102_401585083.json",TRUE,TRUE,NA
401585084,TRUE,"data/raw/2024/summary_2024_20240102_401585084.json",TRUE,TRUE,NA
401585085,TRUE,"data/raw/2024/summary_2024_20240102_401585085.json",TRUE,TRUE,NA
401585086,TRUE,"data/raw/2024/summary_2024_20240102_401585086.json",TRUE,TRUE,NA
401585087,TRUE,"data/raw/2024/summary_2024_20240103_401585087.json",TRUE,TRUE,NA
401585088,TRUE,"data/raw/2024/summary_2024_20240103_401585088.json",TRUE,TRUE,NA
401585089,TRUE,"data/raw/2024/summary_2024_20240103_401585089.json",TRUE,TRUE,NA
401585090,TRUE,"data/raw/2024/summary_2024_20240103_401585090.json",TRUE,TRUE,NA
401585091,TRUE,"data/raw/2024/summary_2024_20240103_401585091.json",TRUE,TRUE,NA
401585092,TRUE,"data/raw/2024/summary_2024_20240103_401585092.json",TRUE,TRUE,NA
401585093,TRUE,"data/raw/2024/summary_2024_20240104_401585093.json",TRUE,TRUE,NA
401585094,TRUE,"data/raw/2024/summary_2024_20240104_401585094.json",TRUE,TRUE,NA
401585095,TRUE,"data/raw/2024/summary_2024_20240104_401585095.json",TRUE,TRUE,NA
401585097,TRUE,"data/raw/2024/summary_2024_20240104_401585097.json",TRUE,TRUE,NA
401585098,TRUE,"data/raw/2024/summary_2024_20240104_401585098.json",TRUE,TRUE,NA
401585099,TRUE,"data/raw/2024/summary_2024_20240104_401585099.json",TRUE,TRUE,NA
401585096,TRUE,"data/raw/2024/summary_2024_20240104_401585096.json",TRUE,TRUE,NA
401585100,TRUE,"data/raw/2024/summary_2024_20240104_401585100.json",TRUE,TRUE,NA
401585101,TRUE,"data/raw/2024/summary_2024_20240104_401585101.json",TRUE,TRUE,NA
401585102,TRUE,"data/raw/2024/summary_2024_20240104_401585102.json",TRUE,TRUE,NA
401585103,TRUE,"data/raw/2024/summary_2024_20240104_401585103.json",TRUE,TRUE,NA
401585104,TRUE,"data/raw/2024/summary_2024_20240104_401585104.json",TRUE,TRUE,NA
401585105,TRUE,"data/raw/2024/summary_2024_20240105_401585105.json",TRUE,TRUE,NA
401585106,TRUE,"data/raw/2024/summary_2024_20240105_401585106.json",TRUE,TRUE,NA
401585107,TRUE,"data/raw/2024/summary_2024_20240106_401585107.json",TRUE,TRUE,NA
401585108,TRUE,"data/raw/2024/summary_2024_20240106_401585108.json",TRUE,TRUE,NA
401585109,TRUE,"data/raw/2024/summary_2024_20240106_401585109.json",TRUE,TRUE,NA
401585110,TRUE,"data/raw/2024/summary_2024_20240106_401585110.json",TRUE,TRUE,NA
401585111,TRUE,"data/raw/2024/summary_2024_20240106_401585111.json",TRUE,TRUE,NA
401585112,TRUE,"data/raw/2024/summary_2024_20240106_401585112.json",TRUE,TRUE,NA
401585113,TRUE,"data/raw/2024/summary_2024_20240106_401585113.json",TRUE,TRUE,NA
401585114,TRUE,"data/raw/2024/summary_2024_20240106_401585114.json",TRUE,TRUE,NA
401585115,TRUE,"data/raw/2024/summary_2024_20240106_401585115.json",TRUE,TRUE,NA
401585116,TRUE,"data/raw/2024/summary_2024_20240106_401585116.json",TRUE,TRUE,NA
401585117,TRUE,"data/raw/2024/summary_2024_20240106_401585117.json",TRUE,TRUE,NA
401585118,TRUE,"data/raw/2024/summary_2024_20240106_401585118.json",TRUE,TRUE,NA
401585119,TRUE,"data/raw/2024/summary_2024_20240106_401585119.json",TRUE,TRUE,NA
401585120,TRUE,"data/raw/2024/summary_2024_20240106_401585120.json",TRUE,TRUE,NA
401585121,TRUE,"data/raw/2024/summary_2024_20240107_401585121.json",TRUE,TRUE,NA
401585122,TRUE,"data/raw/2024/summary_2024_20240107_401585122.json",TRUE,TRUE,NA
401585123,TRUE,"data/raw/2024/summary_2024_20240107_401585123.json",TRUE,TRUE,NA
401585124,TRUE,"data/raw/2024/summary_2024_20240107_401585124.json",TRUE,TRUE,NA
401585125,TRUE,"data/raw/2024/summary_2024_20240107_401585125.json",TRUE,TRUE,NA
401585126,TRUE,"data/raw/2024/summary_2024_20240107_401585126.json",TRUE,TRUE,NA
401585127,TRUE,"data/raw/2024/summary_2024_20240107_401585127.json",TRUE,TRUE,NA
401585128,TRUE,"data/raw/2024/summary_2024_20240107_401585128.json",TRUE,TRUE,NA
401585129,TRUE,"data/raw/2024/summary_2024_20240108_401585129.json",TRUE,TRUE,NA
401585130,TRUE,"data/raw/2024/summary_2024_20240108_401585130.json",TRUE,TRUE,NA
401585131,TRUE,"data/raw/2024/summary_2024_20240108_401585131.json",TRUE,TRUE,NA
401585132,TRUE,"data/raw/2024/summary_2024_20240108_401585132.json",TRUE,TRUE,NA
401585133,TRUE,"data/raw/2024/summary_2024_20240108_401585133.json",TRUE,TRUE,NA
401585134,TRUE,"data/raw/2024/summary_2024_20240109_401585134.json",TRUE,TRUE,NA
401585135,TRUE,"data/raw/2024/summary_2024_20240109_401585135.json",TRUE,TRUE,NA
401585136,TRUE,"data/raw/2024/summary_2024_20240109_401585136.json",TRUE,TRUE,NA
401585137,TRUE,"data/raw/2024/summary_2024_20240109_401585137.json",TRUE,TRUE,NA
401585138,TRUE,"data/raw/2024/summary_2024_20240109_401585138.json",TRUE,TRUE,NA
401585139,TRUE,"data/raw/2024/summary_2024_20240109_401585139.json",TRUE,TRUE,NA
401585140,TRUE,"data/raw/2024/summary_2024_20240110_401585140.json",TRUE,TRUE,NA
401585141,TRUE,"data/raw/2024/summary_2024_20240110_401585141.json",TRUE,TRUE,NA
401585142,TRUE,"data/raw/2024/summary_2024_20240110_401585142.json",TRUE,TRUE,NA
401585143,TRUE,"data/raw/2024/summary_2024_20240110_401585143.json",TRUE,TRUE,NA
401585144,TRUE,"data/raw/2024/summary_2024_20240110_401585144.json",TRUE,TRUE,NA
401585145,TRUE,"data/raw/2024/summary_2024_20240111_401585145.json",TRUE,TRUE,NA
401585146,TRUE,"data/raw/2024/summary_2024_20240111_401585146.json",TRUE,TRUE,NA
401585147,TRUE,"data/raw/2024/summary_2024_20240111_401585147.json",TRUE,TRUE,NA
401585148,TRUE,"data/raw/2024/summary_2024_20240111_401585148.json",TRUE,TRUE,NA
401585149,TRUE,"data/raw/2024/summary_2024_20240111_401585149.json",TRUE,TRUE,NA
401585150,TRUE,"data/raw/2024/summary_2024_20240111_401585150.json",TRUE,TRUE,NA
401585151,TRUE,"data/raw/2024/summary_2024_20240111_401585151.json",TRUE,TRUE,NA
401585153,TRUE,"data/raw/2024/summary_2024_20240111_401585153.json",TRUE,TRUE,NA
401585152,TRUE,"data/raw/2024/summary_2024_20240111_401585152.json",TRUE,TRUE,NA
401585154,TRUE,"data/raw/2024/summary_2024_20240111_401585154.json",TRUE,TRUE,NA
401585155,TRUE,"data/raw/2024/summary_2024_20240111_401585155.json",TRUE,TRUE,NA
401585156,TRUE,"data/raw/2024/summary_2024_20240112_401585156.json",TRUE,TRUE,NA
401585157,TRUE,"data/raw/2024/summary_2024_20240112_401585157.json",TRUE,TRUE,NA
401585158,TRUE,"data/raw/2024/summary_2024_20240112_401585158.json",TRUE,TRUE,NA
401585159,TRUE,"data/raw/2024/summary_2024_20240112_401585159.json",TRUE,TRUE,NA
401585160,TRUE,"data/raw/2024/summary_2024_20240113_401585160.json",TRUE,TRUE,NA
401585161,TRUE,"data/raw/2024/summary_2024_20240113_401585161.json",TRUE,TRUE,NA
401585162,TRUE,"data/raw/2024/summary_2024_20240113_401585162.json",TRUE,TRUE,NA
401585163,TRUE,"data/raw/2024/summary_2024_20240113_401585163.json",TRUE,TRUE,NA
401585164,TRUE,"data/raw/2024/summary_2024_20240113_401585164.json",TRUE,TRUE,NA
401585165,TRUE,"data/raw/2024/summary_2024_20240113_401585165.json",TRUE,TRUE,NA
401585166,TRUE,"data/raw/2024/summary_2024_20240113_401585166.json",TRUE,TRUE,NA
401585169,TRUE,"data/raw/2024/summary_2024_20240113_401585169.json",TRUE,TRUE,NA
401585168,TRUE,"data/raw/2024/summary_2024_20240113_401585168.json",TRUE,TRUE,NA
401585167,TRUE,"data/raw/2024/summary_2024_20240113_401585167.json",TRUE,TRUE,NA
401585170,TRUE,"data/raw/2024/summary_2024_20240114_401585170.json",TRUE,TRUE,NA
401585171,TRUE,"data/raw/2024/summary_2024_20240114_401585171.json",TRUE,TRUE,NA
401585172,TRUE,"data/raw/2024/summary_2024_20240114_401585172.json",TRUE,TRUE,NA
401585173,TRUE,"data/raw/2024/summary_2024_20240114_401585173.json",TRUE,TRUE,NA
401585174,TRUE,"data/raw/2024/summary_2024_20240114_401585174.json",TRUE,TRUE,NA
401585175,TRUE,"data/raw/2024/summary_2024_20240114_401585175.json",TRUE,TRUE,NA
401585176,TRUE,"data/raw/2024/summary_2024_20240114_401585176.json",TRUE,TRUE,NA
401585177,TRUE,"data/raw/2024/summary_2024_20240114_401585177.json",TRUE,TRUE,NA
401585178,TRUE,"data/raw/2024/summary_2024_20240114_401585178.json",TRUE,TRUE,NA
401585179,TRUE,"data/raw/2024/summary_2024_20240114_401585179.json",TRUE,TRUE,NA
401585180,TRUE,"data/raw/2024/summary_2024_20240115_401585180.json",TRUE,TRUE,NA
401585181,TRUE,"data/raw/2024/summary_2024_20240115_401585181.json",TRUE,TRUE,NA
401585182,TRUE,"data/raw/2024/summary_2024_20240115_401585182.json",TRUE,TRUE,NA
401585183,TRUE,"data/raw/2024/summary_2024_20240115_401585183.json",TRUE,TRUE,NA
401585184,TRUE,"data/raw/2024/summary_2024_20240115_401585184.json",TRUE,TRUE,NA
401585185,TRUE,"data/raw/2024/summary_2024_20240115_401585185.json",TRUE,TRUE,NA
401585186,TRUE,"data/raw/2024/summary_2024_20240115_401585186.json",TRUE,TRUE,NA
401585187,TRUE,"data/raw/2024/summary_2024_20240115_401585187.json",TRUE,TRUE,NA
401585188,TRUE,"data/raw/2024/summary_2024_20240115_401585188.json",TRUE,TRUE,NA
401585189,TRUE,"data/raw/2024/summary_2024_20240116_401585189.json",TRUE,TRUE,NA
401585190,TRUE,"data/raw/2024/summary_2024_20240116_401585190.json",TRUE,TRUE,NA
401585191,TRUE,"data/raw/2024/summary_2024_20240116_401585191.json",TRUE,TRUE,NA
401585192,TRUE,"data/raw/2024/summary_2024_20240116_401585192.json",TRUE,TRUE,NA
401585193,TRUE,"data/raw/2024/summary_2024_20240116_401585193.json",TRUE,TRUE,NA
401585194,TRUE,"data/raw/2024/summary_2024_20240117_401585194.json",TRUE,TRUE,NA
401585195,TRUE,"data/raw/2024/summary_2024_20240117_401585195.json",TRUE,TRUE,NA
401585196,TRUE,"data/raw/2024/summary_2024_20240117_401585196.json",TRUE,TRUE,NA
401585197,TRUE,"data/raw/2024/summary_2024_20240118_401585197.json",TRUE,TRUE,NA
401585198,TRUE,"data/raw/2024/summary_2024_20240118_401585198.json",TRUE,TRUE,NA
401585199,TRUE,"data/raw/2024/summary_2024_20240118_401585199.json",TRUE,TRUE,NA
401585200,TRUE,"data/raw/2024/summary_2024_20240118_401585200.json",TRUE,TRUE,NA
401585201,TRUE,"data/raw/2024/summary_2024_20240118_401585201.json",TRUE,TRUE,NA
401585202,TRUE,"data/raw/2024/summary_2024_20240118_401585202.json",TRUE,TRUE,NA
401585203,TRUE,"data/raw/2024/summary_2024_20240118_401585203.json",TRUE,TRUE,NA
401585205,TRUE,"data/raw/2024/summary_2024_20240118_401585205.json",TRUE,TRUE,NA
401585204,TRUE,"data/raw/2024/summary_2024_20240118_401585204.json",TRUE,FALSE,NA
401585206,TRUE,"data/raw/2024/summary_2024_20240118_401585206.json",TRUE,TRUE,NA
401585207,TRUE,"data/raw/2024/summary_2024_20240119_401585207.json",TRUE,TRUE,NA
401585208,TRUE,"data/raw/2024/summary_2024_20240119_401585208.json",TRUE,TRUE,NA
401585209,TRUE,"data/raw/2024/summary_2024_20240119_401585209.json",TRUE,TRUE,NA
401585210,TRUE,"data/raw/2024/summary_2024_20240119_401585210.json",TRUE,TRUE,NA
401585211,TRUE,"data/raw/2024/summary_2024_20240119_401585211.json",TRUE,TRUE,NA
401585212,TRUE,"data/raw/2024/summary_2024_20240120_401585212.json",TRUE,TRUE,NA
401585213,TRUE,"data/raw/2024/summary_2024_20240120_401585213.json",TRUE,TRUE,NA
401585214,TRUE,"data/raw/2024/summary_2024_20240120_401585214.json",TRUE,TRUE,NA
401585215,TRUE,"data/raw/2024/summary_2024_20240120_401585215.json",TRUE,TRUE,NA
401585216,TRUE,"data/raw/2024/summary_2024_20240120_401585216.json",TRUE,TRUE,NA
401585217,TRUE,"data/raw/2024/summary_2024_20240120_401585217.json",TRUE,FALSE,NA
401585218,TRUE,"data/raw/2024/summary_2024_20240120_401585218.json",TRUE,TRUE,NA
401585219,TRUE,"data/raw/2024/summary_2024_20240120_401585219.json",TRUE,TRUE,NA
401585220,TRUE,"data/raw/2024/summary_2024_20240120_401585220.json",TRUE,TRUE,NA
401585221,TRUE,"data/raw/2024/summary_2024_20240121_401585221.json",TRUE,TRUE,NA
401585222,TRUE,"data/raw/2024/summary_2024_20240121_401585222.json",TRUE,TRUE,NA
401585223,TRUE,"data/raw/2024/summary_2024_20240121_401585223.json",TRUE,TRUE,NA
401585224,TRUE,"data/raw/2024/summary_2024_20240121_401585224.json",TRUE,TRUE,NA
401585225,TRUE,"data/raw/2024/summary_2024_20240121_401585225.json",TRUE,TRUE,NA
401585226,TRUE,"data/raw/2024/summary_2024_20240121_401585226.json",TRUE,TRUE,NA
401585227,TRUE,"data/raw/2024/summary_2024_20240121_401585227.json",TRUE,TRUE,NA
401585228,TRUE,"data/raw/2024/summary_2024_20240121_401585228.json",TRUE,TRUE,NA
401585229,TRUE,"data/raw/2024/summary_2024_20240121_401585229.json",TRUE,TRUE,NA
401585230,TRUE,"data/raw/2024/summary_2024_20240121_401585230.json",TRUE,TRUE,NA
401585231,TRUE,"data/raw/2024/summary_2024_20240122_401585231.json",TRUE,TRUE,NA
401585232,TRUE,"data/raw/2024/summary_2024_20240122_401585232.json",TRUE,TRUE,NA
401585233,TRUE,"data/raw/2024/summary_2024_20240122_401585233.json",TRUE,TRUE,NA
401585234,TRUE,"data/raw/2024/summary_2024_20240123_401585234.json",TRUE,TRUE,NA
401585235,TRUE,"data/raw/2024/summary_2024_20240123_401585235.json",TRUE,TRUE,NA
401585236,TRUE,"data/raw/2024/summary_2024_20240123_401585236.json",TRUE,TRUE,NA
401585237,TRUE,"data/raw/2024/summary_2024_20240123_401585237.json",TRUE,TRUE,NA
401585238,TRUE,"data/raw/2024/summary_2024_20240123_401585238.json",TRUE,TRUE,NA
401585239,TRUE,"data/raw/2024/summary_2024_20240123_401585239.json",TRUE,TRUE,NA
401585240,TRUE,"data/raw/2024/summary_2024_20240123_401585240.json",TRUE,TRUE,NA
401585241,TRUE,"data/raw/2024/summary_2024_20240123_401585241.json",TRUE,TRUE,NA
401585242,TRUE,"data/raw/2024/summary_2024_20240124_401585242.json",TRUE,TRUE,NA
401585243,TRUE,"data/raw/2024/summary_2024_20240124_401585243.json",TRUE,TRUE,NA
401585244,TRUE,"data/raw/2024/summary_2024_20240124_401585244.json",TRUE,TRUE,NA
401585245,TRUE,"data/raw/2024/summary_2024_20240124_401585245.json",TRUE,TRUE,NA
401585246,TRUE,"data/raw/2024/summary_2024_20240124_401585246.json",TRUE,TRUE,NA
401585247,TRUE,"data/raw/2024/summary_2024_20240125_401585247.json",TRUE,TRUE,NA
401585248,TRUE,"data/raw/2024/summary_2024_20240125_401585248.json",TRUE,TRUE,NA
401585249,TRUE,"data/raw/2024/summary_2024_20240125_401585249.json",TRUE,TRUE,NA
401585251,TRUE,"data/raw/2024/summary_2024_20240125_401585251.json",TRUE,TRUE,NA
401585252,TRUE,"data/raw/2024/summary_2024_20240125_401585252.json",TRUE,TRUE,NA
401585253,TRUE,"data/raw/2024/summary_2024_20240125_401585253.json",TRUE,TRUE,NA
401585250,TRUE,"data/raw/2024/summary_2024_20240125_401585250.json",TRUE,TRUE,NA
401585254,TRUE,"data/raw/2024/summary_2024_20240125_401585254.json",TRUE,TRUE,NA
401585255,TRUE,"data/raw/2024/summary_2024_20240126_401585255.json",TRUE,TRUE,NA
401585256,TRUE,"data/raw/2024/summary_2024_20240126_401585256.json",TRUE,TRUE,NA
401585257,TRUE,"data/raw/2024/summary_2024_20240126_401585257.json",TRUE,TRUE,NA
401585258,TRUE,"data/raw/2024/summary_2024_20240126_401585258.json",TRUE,TRUE,NA
401585259,TRUE,"data/raw/2024/summary_2024_20240126_401585259.json",TRUE,TRUE,NA
401585260,TRUE,"data/raw/2024/summary_2024_20240126_401585260.json",TRUE,TRUE,NA
401585261,TRUE,"data/raw/2024/summary_2024_20240126_401585261.json",TRUE,TRUE,NA
401585262,TRUE,"data/raw/2024/summary_2024_20240127_401585262.json",TRUE,TRUE,NA
401585263,TRUE,"data/raw/2024/summary_2024_20240127_401585263.json",TRUE,TRUE,NA
401585264,TRUE,"data/raw/2024/summary_2024_20240127_401585264.json",TRUE,TRUE,NA
401585265,TRUE,"data/raw/2024/summary_2024_20240127_401585265.json",TRUE,TRUE,NA
401585266,TRUE,"data/raw/2024/summary_2024_20240127_401585266.json",TRUE,TRUE,NA
401585267,TRUE,"data/raw/2024/summary_2024_20240127_401585267.json",TRUE,TRUE,NA
401585268,TRUE,"data/raw/2024/summary_2024_20240127_401585268.json",TRUE,TRUE,NA
401585269,TRUE,"data/raw/2024/summary_2024_20240127_401585269.json",TRUE,TRUE,NA
401585270,TRUE,"data/raw/2024/summary_2024_20240127_401585270.json",TRUE,TRUE,NA
401585271,TRUE,"data/raw/2024/summary_2024_20240127_401585271.json",TRUE,TRUE,NA
401585272,TRUE,"data/raw/2024/summary_2024_20240127_401585272.json",TRUE,TRUE,NA
401585273,TRUE,"data/raw/2024/summary_2024_20240127_401585273.json",TRUE,TRUE,NA
401585274,TRUE,"data/raw/2024/summary_2024_20240128_401585274.json",TRUE,TRUE,NA
401585275,TRUE,"data/raw/2024/summary_2024_20240128_401585275.json",TRUE,TRUE,NA
401585276,TRUE,"data/raw/2024/summary_2024_20240128_401585276.json",TRUE,TRUE,NA
401585277,TRUE,"data/raw/2024/summary_2024_20240128_401585277.json",TRUE,TRUE,NA
401585278,TRUE,"data/raw/2024/summary_2024_20240128_401585278.json",TRUE,TRUE,NA
401585279,TRUE,"data/raw/2024/summary_2024_20240128_401585279.json",TRUE,TRUE,NA
401585282,TRUE,"data/raw/2024/summary_2024_20240128_401585282.json",TRUE,TRUE,NA
401585280,TRUE,"data/raw/2024/summary_2024_20240128_401585280.json",TRUE,TRUE,NA
401585281,TRUE,"data/raw/2024/summary_2024_20240128_401585281.json",TRUE,TRUE,NA
401585283,TRUE,"data/raw/2024/summary_2024_20240128_401585283.json",TRUE,TRUE,NA
401585284,TRUE,"data/raw/2024/summary_2024_20240129_401585284.json",TRUE,TRUE,NA
401585285,TRUE,"data/raw/2024/summary_2024_20240130_401585285.json",TRUE,TRUE,NA
401585286,TRUE,"data/raw/2024/summary_2024_20240130_401585286.json",TRUE,TRUE,NA
401585287,TRUE,"data/raw/2024/summary_2024_20240130_401585287.json",TRUE,TRUE,NA
401585288,TRUE,"data/raw/2024/summary_2024_20240130_401585288.json",TRUE,TRUE,NA
401585289,TRUE,"data/raw/2024/summary_2024_20240130_401585289.json",TRUE,TRUE,NA
401585290,TRUE,"data/raw/2024/summary_2024_20240130_401585290.json",TRUE,TRUE,NA
401585291,TRUE,"data/raw/2024/summary_2024_20240130_401585291.json",TRUE,TRUE,NA
401585292,TRUE,"data/raw/2024/summary_2024_20240130_401585292.json",TRUE,TRUE,NA
401585293,TRUE,"data/raw/2024/summary_2024_20240130_401585293.json",TRUE,TRUE,NA
401585294,TRUE,"data/raw/2024/summary_2024_20240130_401585294.json",TRUE,TRUE,NA
401585295,TRUE,"data/raw/2024/summary_2024_20240130_401585295.json",TRUE,TRUE,NA
401585296,TRUE,"data/raw/2024/summary_2024_20240130_401585296.json",TRUE,TRUE,NA
401585297,TRUE,"data/raw/2024/summary_2024_20240131_401585297.json",TRUE,TRUE,NA
401585298,TRUE,"data/raw/2024/summary_2024_20240131_401585298.json",TRUE,TRUE,NA
401585299,TRUE,"data/raw/2024/summary_2024_20240131_401585299.json",TRUE,TRUE,NA
401585300,TRUE,"data/raw/2024/summary_2024_20240131_401585300.json",TRUE,TRUE,NA
401585301,TRUE,"data/raw/2024/summary_2024_20240131_401585301.json",TRUE,TRUE,NA
401585302,TRUE,"data/raw/2024/summary_2024_20240201_401585302.json",TRUE,TRUE,NA
401585303,TRUE,"data/raw/2024/summary_2024_20240201_401585303.json",TRUE,TRUE,NA
401585304,TRUE,"data/raw/2024/summary_2024_20240201_401585304.json",TRUE,TRUE,NA
401585306,TRUE,"data/raw/2024/summary_2024_20240201_401585306.json",TRUE,TRUE,NA
401585307,TRUE,"data/raw/2024/summary_2024_20240201_401585307.json",TRUE,TRUE,NA
401585308,TRUE,"data/raw/2024/summary_2024_20240201_401585308.json",TRUE,TRUE,NA
401585309,TRUE,"data/raw/2024/summary_2024_20240201_401585309.json",TRUE,TRUE,NA
401585310,TRUE,"data/raw/2024/summary_2024_20240201_401585310.json",TRUE,TRUE,NA
401585305,TRUE,"data/raw/2024/summary_2024_20240201_401585305.json",TRUE,TRUE,NA
401585311,TRUE,"data/raw/2024/summary_2024_20240201_401585311.json",TRUE,TRUE,NA
401585312,TRUE,"data/raw/2024/summary_2024_20240202_401585312.json",TRUE,TRUE,NA
401585313,TRUE,"data/raw/2024/summary_2024_20240202_401585313.json",TRUE,TRUE,NA
401585315,TRUE,"data/raw/2024/summary_2024_20240202_401585315.json",TRUE,TRUE,NA
401585314,TRUE,"data/raw/2024/summary_2024_20240202_401585314.json",TRUE,TRUE,NA
401585316,TRUE,"data/raw/2024/summary_2024_20240203_401585316.json",TRUE,TRUE,NA
401585317,TRUE,"data/raw/2024/summary_2024_20240203_401585317.json",TRUE,TRUE,NA
401585318,TRUE,"data/raw/2024/summary_2024_20240203_401585318.json",TRUE,TRUE,NA
401585319,TRUE,"data/raw/2024/summary_2024_20240203_401585319.json",TRUE,TRUE,NA
401585320,TRUE,"data/raw/2024/summary_2024_20240203_401585320.json",TRUE,TRUE,NA
401585321,TRUE,"data/raw/2024/summary_2024_20240203_401585321.json",TRUE,TRUE,NA
401585322,TRUE,"data/raw/2024/summary_2024_20240203_401585322.json",TRUE,TRUE,NA
401585323,TRUE,"data/raw/2024/summary_2024_20240203_401585323.json",TRUE,TRUE,NA
401585324,TRUE,"data/raw/2024/summary_2024_20240203_401585324.json",TRUE,TRUE,NA
401585325,TRUE,"data/raw/2024/summary_2024_20240203_401585325.json",TRUE,TRUE,NA
401585326,TRUE,"data/raw/2024/summary_2024_20240203_401585326.json",TRUE,TRUE,NA
401585327,TRUE,"data/raw/2024/summary_2024_20240204_401585327.json",TRUE,TRUE,NA
401585328,TRUE,"data/raw/2024/summary_2024_20240204_401585328.json",TRUE,TRUE,NA
401585329,TRUE,"data/raw/2024/summary_2024_20240204_401585329.json",TRUE,TRUE,NA
401585330,TRUE,"data/raw/2024/summary_2024_20240204_401585330.json",TRUE,TRUE,NA
401585331,TRUE,"data/raw/2024/summary_2024_20240204_401585331.json",TRUE,TRUE,NA
401585332,TRUE,"data/raw/2024/summary_2024_20240204_401585332.json",TRUE,TRUE,NA
401585333,TRUE,"data/raw/2024/summary_2024_20240204_401585333.json",TRUE,TRUE,NA
401585334,TRUE,"data/raw/2024/summary_2024_20240204_401585334.json",TRUE,TRUE,NA
401585335,TRUE,"data/raw/2024/summary_2024_20240204_401585335.json",TRUE,TRUE,NA
401585336,TRUE,"data/raw/2024/summary_2024_20240204_401585336.json",TRUE,TRUE,NA
401585337,TRUE,"data/raw/2024/summary_2024_20240205_401585337.json",TRUE,TRUE,NA
401585338,TRUE,"data/raw/2024/summary_2024_20240205_401585338.json",TRUE,TRUE,NA
401585339,TRUE,"data/raw/2024/summary_2024_20240205_401585339.json",TRUE,TRUE,NA
401585340,TRUE,"data/raw/2024/summary_2024_20240205_401585340.json",TRUE,TRUE,NA
401585341,TRUE,"data/raw/2024/summary_2024_20240206_401585341.json",TRUE,TRUE,NA
401585342,TRUE,"data/raw/2024/summary_2024_20240206_401585342.json",TRUE,TRUE,NA
401585343,TRUE,"data/raw/2024/summary_2024_20240206_401585343.json",TRUE,TRUE,NA
401585344,TRUE,"data/raw/2024/summary_2024_20240206_401585344.json",TRUE,TRUE,NA
401585345,TRUE,"data/raw/2024/summary_2024_20240206_401585345.json",TRUE,TRUE,NA
401585346,TRUE,"data/raw/2024/summary_2024_20240206_401585346.json",TRUE,TRUE,NA
401585347,TRUE,"data/raw/2024/summary_2024_20240207_401585347.json",TRUE,TRUE,NA
401585348,TRUE,"data/raw/2024/summary_2024_20240207_401585348.json",TRUE,TRUE,NA
401585349,TRUE,"data/raw/2024/summary_2024_20240207_401585349.json",TRUE,TRUE,NA
401585350,TRUE,"data/raw/2024/summary_2024_20240207_401585350.json",TRUE,TRUE,NA
401585351,TRUE,"data/raw/2024/summary_2024_20240207_401585351.json",TRUE,TRUE,NA
401585352,TRUE,"data/raw/2024/summary_2024_20240207_401585352.json",TRUE,TRUE,NA
401585353,TRUE,"data/raw/2024/summary_2024_20240207_401585353.json",TRUE,TRUE,NA
401585354,TRUE,"data/raw/2024/summary_2024_20240208_401585354.json",TRUE,TRUE,NA
401585356,TRUE,"data/raw/2024/summary_2024_20240208_401585356.json",TRUE,TRUE,NA
401585355,TRUE,"data/raw/2024/summary_2024_20240208_401585355.json",TRUE,TRUE,NA
401585357,TRUE,"data/raw/2024/summary_2024_20240208_401585357.json",TRUE,TRUE,NA
401585358,TRUE,"data/raw/2024/summary_2024_20240208_401585358.json",TRUE,TRUE,NA
401585359,TRUE,"data/raw/2024/summary_2024_20240208_401585359.json",TRUE,TRUE,NA
401585360,TRUE,"data/raw/2024/summary_2024_20240208_401585360.json",TRUE,TRUE,NA
401585361,TRUE,"data/raw/2024/summary_2024_20240209_401585361.json",TRUE,TRUE,NA
401585362,TRUE,"data/raw/2024/summary_2024_20240209_401585362.json",TRUE,TRUE,NA
401585363,TRUE,"data/raw/2024/summary_2024_20240209_401585363.json",TRUE,TRUE,NA
401585364,TRUE,"data/raw/2024/summary_2024_20240209_401585364.json",TRUE,TRUE,NA
401585365,TRUE,"data/raw/2024/summary_2024_20240209_401585365.json",TRUE,TRUE,NA
401585366,TRUE,"data/raw/2024/summary_2024_20240209_401585366.json",TRUE,TRUE,NA
401585367,TRUE,"data/raw/2024/summary_2024_20240209_401585367.json",TRUE,TRUE,NA
401585368,TRUE,"data/raw/2024/summary_2024_20240209_401585368.json",TRUE,TRUE,NA
401585369,TRUE,"data/raw/2024/summary_2024_20240209_401585369.json",TRUE,TRUE,NA
401585370,TRUE,"data/raw/2024/summary_2024_20240210_401585370.json",TRUE,TRUE,NA
401585371,TRUE,"data/raw/2024/summary_2024_20240210_401585371.json",TRUE,TRUE,NA
401585372,TRUE,"data/raw/2024/summary_2024_20240210_401585372.json",TRUE,TRUE,NA
401585373,TRUE,"data/raw/2024/summary_2024_20240210_401585373.json",TRUE,TRUE,NA
401585374,TRUE,"data/raw/2024/summary_2024_20240210_401585374.json",TRUE,TRUE,NA
401585375,TRUE,"data/raw/2024/summary_2024_20240210_401585375.json",TRUE,TRUE,NA
401585376,TRUE,"data/raw/2024/summary_2024_20240210_401585376.json",TRUE,TRUE,NA
401585377,TRUE,"data/raw/2024/summary_2024_20240210_401585377.json",TRUE,TRUE,NA
401585378,TRUE,"data/raw/2024/summary_2024_20240210_401585378.json",TRUE,TRUE,NA
401585379,TRUE,"data/raw/2024/summary_2024_20240211_401585379.json",TRUE,TRUE,NA
401585380,TRUE,"data/raw/2024/summary_2024_20240211_401585380.json",TRUE,TRUE,NA
401585381,TRUE,"data/raw/2024/summary_2024_20240211_401585381.json",TRUE,TRUE,NA
401585382,TRUE,"data/raw/2024/summary_2024_20240211_401585382.json",TRUE,TRUE,NA
401585383,TRUE,"data/raw/2024/summary_2024_20240211_401585383.json",TRUE,TRUE,NA
401585384,TRUE,"data/raw/2024/summary_2024_20240211_401585384.json",TRUE,TRUE,NA
401585385,TRUE,"data/raw/2024/summary_2024_20240211_401585385.json",TRUE,TRUE,NA
401585386,TRUE,"data/raw/2024/summary_2024_20240211_401585386.json",TRUE,TRUE,NA
401585387,TRUE,"data/raw/2024/summary_2024_20240211_401585387.json",TRUE,TRUE,NA
401585388,TRUE,"data/raw/2024/summary_2024_20240211_401585388.json",TRUE,TRUE,NA
401585389,TRUE,"data/raw/2024/summary_2024_20240213_401585389.json",TRUE,TRUE,NA
401585390,TRUE,"data/raw/2024/summary_2024_20240213_401585390.json",TRUE,TRUE,NA
401585391,TRUE,"data/raw/2024/summary_2024_20240213_401585391.json",TRUE,TRUE,NA
401585392,TRUE,"data/raw/2024/summary_2024_20240213_401585392.json",TRUE,TRUE,NA
401585393,TRUE,"data/raw/2024/summary_2024_20240213_401585393.json",TRUE,TRUE,NA
401585394,TRUE,"data/raw/2024/summary_2024_20240213_401585394.json",TRUE,TRUE,NA
401585395,TRUE,"data/raw/2024/summary_2024_20240213_401585395.json",TRUE,TRUE,NA
401585396,TRUE,"data/raw/2024/summary_2024_20240213_401585396.json",TRUE,TRUE,NA
401585397,TRUE,"data/raw/2024/summary_2024_20240213_401585397.json",TRUE,TRUE,NA
401585398,TRUE,"data/raw/2024/summary_2024_20240213_401585398.json",TRUE,TRUE,NA
401585399,TRUE,"data/raw/2024/summary_2024_20240214_401585399.json",TRUE,TRUE,NA
401585400,TRUE,"data/raw/2024/summary_2024_20240214_401585400.json",TRUE,TRUE,NA
401585401,TRUE,"data/raw/2024/summary_2024_20240214_401585401.json",TRUE,TRUE,NA
401585402,TRUE,"data/raw/2024/summary_2024_20240214_401585402.json",TRUE,TRUE,NA
401585403,TRUE,"data/raw/2024/summary_2024_20240214_401585403.json",TRUE,TRUE,NA
401585404,TRUE,"data/raw/2024/summary_2024_20240214_401585404.json",TRUE,TRUE,NA
401585405,TRUE,"data/raw/2024/summary_2024_20240215_401585405.json",TRUE,TRUE,NA
401585406,TRUE,"data/raw/2024/summary_2024_20240215_401585406.json",TRUE,TRUE,NA
401585407,TRUE,"data/raw/2024/summary_2024_20240215_401585407.json",TRUE,TRUE,NA
401585408,TRUE,"data/raw/2024/summary_2024_20240215_401585408.json",TRUE,TRUE,NA
401585409,TRUE,"data/raw/2024/summary_2024_20240215_401585409.json",TRUE,TRUE,NA
401585410,TRUE,"data/raw/2024/summary_2024_20240215_401585410.json",TRUE,TRUE,NA
401585411,TRUE,"data/raw/2024/summary_2024_20240215_401585411.json",TRUE,TRUE,NA
401585412,TRUE,"data/raw/2024/summary_2024_20240215_401585412.json",TRUE,TRUE,NA
401585413,TRUE,"data/raw/2024/summary_2024_20240215_401585413.json",TRUE,TRUE,NA
401585414,TRUE,"data/raw/2024/summary_2024_20240215_401585414.json",TRUE,TRUE,NA
401585415,TRUE,"data/raw/2024/summary_2024_20240215_401585415.json",TRUE,TRUE,NA
401585416,TRUE,"data/raw/2024/summary_2024_20240215_401585416.json",TRUE,TRUE,NA
401585417,TRUE,"data/raw/2024/summary_2024_20240215_401585417.json",TRUE,TRUE,NA
401585418,TRUE,"data/raw/2024/summary_2024_20240216_401585418.json",TRUE,TRUE,NA
401636113,TRUE,"data/raw/2024/summary_2024_20240216_401636113.json",TRUE,TRUE,NA
401585419,TRUE,"data/raw/2024/summary_2024_20240216_401585419.json",TRUE,TRUE,NA
401623259,TRUE,"data/raw/2024/summary_2024_20240219_401623259.json",TRUE,TRUE,NA
401585420,TRUE,"data/raw/2024/summary_2024_20240223_401585420.json",TRUE,TRUE,NA
401585421,TRUE,"data/raw/2024/summary_2024_20240223_401585421.json",TRUE,TRUE,NA
401585422,TRUE,"data/raw/2024/summary_2024_20240223_401585422.json",TRUE,TRUE,NA
401585423,TRUE,"data/raw/2024/summary_2024_20240223_401585423.json",TRUE,TRUE,NA
401585424,TRUE,"data/raw/2024/summary_2024_20240223_401585424.json",TRUE,TRUE,NA
401585425,TRUE,"data/raw/2024/summary_2024_20240223_401585425.json",TRUE,TRUE,NA
401585426,TRUE,"data/raw/2024/summary_2024_20240223_401585426.json",TRUE,TRUE,NA
401585427,TRUE,"data/raw/2024/summary_2024_20240223_401585427.json",TRUE,TRUE,NA
401585428,TRUE,"data/raw/2024/summary_2024_20240223_401585428.json",TRUE,TRUE,NA
401585429,TRUE,"data/raw/2024/summary_2024_20240223_401585429.json",TRUE,TRUE,NA
401585430,TRUE,"data/raw/2024/summary_2024_20240223_401585430.json",TRUE,TRUE,NA
401585431,TRUE,"data/raw/2024/summary_2024_20240223_401585431.json",TRUE,TRUE,NA
401585432,TRUE,"data/raw/2024/summary_2024_20240224_401585432.json",TRUE,TRUE,NA
401585433,TRUE,"data/raw/2024/summary_2024_20240224_401585433.json",TRUE,TRUE,NA
401585434,TRUE,"data/raw/2024/summary_2024_20240224_401585434.json",TRUE,TRUE,NA
401585435,TRUE,"data/raw/2024/summary_2024_20240224_401585435.json",TRUE,TRUE,NA
401585437,TRUE,"data/raw/2024/summary_2024_20240224_401585437.json",TRUE,TRUE,NA
401585438,TRUE,"data/raw/2024/summary_2024_20240224_401585438.json",TRUE,TRUE,NA
401585436,TRUE,"data/raw/2024/summary_2024_20240224_401585436.json",TRUE,TRUE,NA
401585439,TRUE,"data/raw/2024/summary_2024_20240224_401585439.json",TRUE,TRUE,NA
401585440,TRUE,"data/raw/2024/summary_2024_20240224_401585440.json",TRUE,TRUE,NA
401585441,TRUE,"data/raw/2024/summary_2024_20240224_401585441.json",TRUE,TRUE,NA
401585442,TRUE,"data/raw/2024/summary_2024_20240225_401585442.json",TRUE,TRUE,NA
401585444,TRUE,"data/raw/2024/summary_2024_20240225_401585444.json",TRUE,TRUE,NA
401585443,TRUE,"data/raw/2024/summary_2024_20240225_401585443.json",TRUE,TRUE,NA
401585445,TRUE,"data/raw/2024/summary_2024_20240225_401585445.json",TRUE,TRUE,NA
401585446,TRUE,"data/raw/2024/summary_2024_20240225_401585446.json",TRUE,TRUE,NA
401585447,TRUE,"data/raw/2024/summary_2024_20240225_401585447.json",TRUE,TRUE,NA
401585448,TRUE,"data/raw/2024/summary_2024_20240225_401585448.json",TRUE,TRUE,NA
401585449,TRUE,"data/raw/2024/summary_2024_20240226_401585449.json",TRUE,TRUE,NA
401585450,TRUE,"data/raw/2024/summary_2024_20240226_401585450.json",TRUE,TRUE,NA
401585451,TRUE,"data/raw/2024/summary_2024_20240226_401585451.json",TRUE,TRUE,NA
401585452,TRUE,"data/raw/2024/summary_2024_20240226_401585452.json",TRUE,TRUE,NA
401585453,TRUE,"data/raw/2024/summary_2024_20240226_401585453.json",TRUE,TRUE,NA
401585454,TRUE,"data/raw/2024/summary_2024_20240226_401585454.json",TRUE,TRUE,NA
401585455,TRUE,"data/raw/2024/summary_2024_20240226_401585455.json",TRUE,TRUE,NA
401585457,TRUE,"data/raw/2024/summary_2024_20240227_401585457.json",TRUE,TRUE,NA
401585456,TRUE,"data/raw/2024/summary_2024_20240227_401585456.json",TRUE,TRUE,NA
401585458,TRUE,"data/raw/2024/summary_2024_20240227_401585458.json",TRUE,TRUE,NA
401585459,TRUE,"data/raw/2024/summary_2024_20240227_401585459.json",TRUE,TRUE,NA
401585460,TRUE,"data/raw/2024/summary_2024_20240228_401585460.json",TRUE,TRUE,NA
401585461,TRUE,"data/raw/2024/summary_2024_20240228_401585461.json",TRUE,TRUE,NA
401585462,TRUE,"data/raw/2024/summary_2024_20240228_401585462.json",TRUE,TRUE,NA
401585463,TRUE,"data/raw/2024/summary_2024_20240228_401585463.json",TRUE,TRUE,NA
401585464,TRUE,"data/raw/2024/summary_2024_20240228_401585464.json",TRUE,TRUE,NA
401585465,TRUE,"data/raw/2024/summary_2024_20240228_401585465.json",TRUE,TRUE,NA
401585466,TRUE,"data/raw/2024/summary_2024_20240228_401585466.json",TRUE,TRUE,NA
401585467,TRUE,"data/raw/2024/summary_2024_20240228_401585467.json",TRUE,TRUE,NA
401585468,TRUE,"data/raw/2024/summary_2024_20240228_401585468.json",TRUE,TRUE,NA
401585469,TRUE,"data/raw/2024/summary_2024_20240228_401585469.json",TRUE,TRUE,NA
401585470,TRUE,"data/raw/2024/summary_2024_20240228_401585470.json",TRUE,TRUE,NA
401585471,TRUE,"data/raw/2024/summary_2024_20240229_401585471.json",TRUE,TRUE,NA
401585472,TRUE,"data/raw/2024/summary_2024_20240229_401585472.json",TRUE,TRUE,NA
401585473,TRUE,"data/raw/2024/summary_2024_20240229_401585473.json",TRUE,TRUE,NA
401585474,TRUE,"data/raw/2024/summary_2024_20240229_401585474.json",TRUE,TRUE,NA
401585475,TRUE,"data/raw/2024/summary_2024_20240229_401585475.json",TRUE,TRUE,NA
401585476,TRUE,"data/raw/2024/summary_2024_20240229_401585476.json",TRUE,TRUE,NA
401585477,TRUE,"data/raw/2024/summary_2024_20240301_401585477.json",TRUE,TRUE,NA
401585478,TRUE,"data/raw/2024/summary_2024_20240301_401585478.json",TRUE,TRUE,NA
401585479,TRUE,"data/raw/2024/summary_2024_20240301_401585479.json",TRUE,TRUE,NA
401585480,TRUE,"data/raw/2024/summary_2024_20240301_401585480.json",TRUE,TRUE,NA
401585481,TRUE,"data/raw/2024/summary_2024_20240301_401585481.json",TRUE,TRUE,NA
401585482,TRUE,"data/raw/2024/summary_2024_20240301_401585482.json",TRUE,TRUE,NA
401585483,TRUE,"data/raw/2024/summary_2024_20240301_401585483.json",TRUE,TRUE,NA
401585484,TRUE,"data/raw/2024/summary_2024_20240301_401585484.json",TRUE,TRUE,NA
401585485,TRUE,"data/raw/2024/summary_2024_20240302_401585485.json",TRUE,TRUE,NA
401585486,TRUE,"data/raw/2024/summary_2024_20240302_401585486.json",TRUE,TRUE,NA
401585487,TRUE,"data/raw/2024/summary_2024_20240302_401585487.json",TRUE,TRUE,NA
401585488,TRUE,"data/raw/2024/summary_2024_20240302_401585488.json",TRUE,TRUE,NA
401585489,TRUE,"data/raw/2024/summary_2024_20240302_401585489.json",TRUE,TRUE,NA
401585490,TRUE,"data/raw/2024/summary_2024_20240302_401585490.json",TRUE,TRUE,NA
401585491,TRUE,"data/raw/2024/summary_2024_20240302_401585491.json",TRUE,TRUE,NA
401585492,TRUE,"data/raw/2024/summary_2024_20240302_401585492.json",TRUE,TRUE,NA
401585493,TRUE,"data/raw/2024/summary_2024_20240302_401585493.json",TRUE,TRUE,NA
401585494,TRUE,"data/raw/2024/summary_2024_20240302_401585494.json",TRUE,TRUE,NA
401585495,TRUE,"data/raw/2024/summary_2024_20240302_401585495.json",TRUE,TRUE,NA
401585496,TRUE,"data/raw/2024/summary_2024_20240303_401585496.json",TRUE,TRUE,NA
401585497,TRUE,"data/raw/2024/summary_2024_20240303_401585497.json",TRUE,TRUE,NA
401585498,TRUE,"data/raw/2024/summary_2024_20240303_401585498.json",TRUE,TRUE,NA
401585499,TRUE,"data/raw/2024/summary_2024_20240303_401585499.json",TRUE,TRUE,NA
401585500,TRUE,"data/raw/2024/summary_2024_20240303_401585500.json",TRUE,TRUE,NA
401585501,TRUE,"data/raw/2024/summary_2024_20240303_401585501.json",TRUE,TRUE,NA
401585502,TRUE,"data/raw/2024/summary_2024_20240303_401585502.json",TRUE,TRUE,NA
401585503,TRUE,"data/raw/2024/summary_2024_20240303_401585503.json",TRUE,TRUE,NA
401585504,TRUE,"data/raw/2024/summary_2024_20240304_401585504.json",TRUE,TRUE,NA
401585505,TRUE,"data/raw/2024/summary_2024_20240304_401585505.json",TRUE,TRUE,NA
401585506,TRUE,"data/raw/2024/summary_2024_20240304_401585506.json",TRUE,TRUE,NA
401585507,TRUE,"data/raw/2024/summary_2024_20240305_401585507.json",TRUE,TRUE,NA
401585508,TRUE,"data/raw/2024/summary_2024_20240305_401585508.json",TRUE,TRUE,NA
401585509,TRUE,"data/raw/2024/summary_2024_20240305_401585509.json",TRUE,TRUE,NA
401585510,TRUE,"data/raw/2024/summary_2024_20240305_401585510.json",TRUE,TRUE,NA
401585511,TRUE,"data/raw/2024/summary_2024_20240305_401585511.json",TRUE,TRUE,NA
401585512,TRUE,"data/raw/2024/summary_2024_20240305_401585512.json",TRUE,TRUE,NA
401585513,TRUE,"data/raw/2024/summary_2024_20240306_401585513.json",TRUE,TRUE,NA
401585514,TRUE,"data/raw/2024/summary_2024_20240306_401585514.json",TRUE,TRUE,NA
401585515,TRUE,"data/raw/2024/summary_2024_20240306_401585515.json",TRUE,TRUE,NA
401585516,TRUE,"data/raw/2024/summary_2024_20240306_401585516.json",TRUE,TRUE,NA
401585517,TRUE,"data/raw/2024/summary_2024_20240306_401585517.json",TRUE,TRUE,NA
401585518,TRUE,"data/raw/2024/summary_2024_20240306_401585518.json",TRUE,TRUE,NA
401585519,TRUE,"data/raw/2024/summary_2024_20240306_401585519.json",TRUE,TRUE,NA
401585520,TRUE,"data/raw/2024/summary_2024_20240306_401585520.json",TRUE,TRUE,NA
401585521,TRUE,"data/raw/2024/summary_2024_20240306_401585521.json",TRUE,TRUE,NA
401585522,TRUE,"data/raw/2024/summary_2024_20240307_401585522.json",TRUE,TRUE,NA
401585523,TRUE,"data/raw/2024/summary_2024_20240307_401585523.json",TRUE,TRUE,NA
401585524,TRUE,"data/raw/2024/summary_2024_20240307_401585524.json",TRUE,TRUE,NA
401585525,TRUE,"data/raw/2024/summary_2024_20240307_401585525.json",TRUE,TRUE,NA
401585526,TRUE,"data/raw/2024/summary_2024_20240307_401585526.json",TRUE,TRUE,NA
401585527,TRUE,"data/raw/2024/summary_2024_20240307_401585527.json",TRUE,TRUE,NA
401585528,TRUE,"data/raw/2024/summary_2024_20240307_401585528.json",TRUE,TRUE,NA
401585529,TRUE,"data/raw/2024/summary_2024_20240307_401585529.json",TRUE,TRUE,NA
401585530,TRUE,"data/raw/2024/summary_2024_20240308_401585530.json",TRUE,TRUE,NA
401585531,TRUE,"data/raw/2024/summary_2024_20240308_401585531.json",TRUE,TRUE,NA
401585532,TRUE,"data/raw/2024/summary_2024_20240308_401585532.json",TRUE,TRUE,NA
401585533,TRUE,"data/raw/2024/summary_2024_20240308_401585533.json",TRUE,TRUE,NA
401585534,TRUE,"data/raw/2024/summary_2024_20240308_401585534.json",TRUE,TRUE,NA
401585535,TRUE,"data/raw/2024/summary_2024_20240308_401585535.json",TRUE,TRUE,NA
401585536,TRUE,"data/raw/2024/summary_2024_20240308_401585536.json",TRUE,TRUE,NA
401585537,TRUE,"data/raw/2024/summary_2024_20240309_401585537.json",TRUE,TRUE,NA
401585538,TRUE,"data/raw/2024/summary_2024_20240309_401585538.json",TRUE,TRUE,NA
401585539,TRUE,"data/raw/2024/summary_2024_20240309_401585539.json",TRUE,TRUE,NA
401585540,TRUE,"data/raw/2024/summary_2024_20240309_401585540.json",TRUE,TRUE,NA
401585541,TRUE,"data/raw/2024/summary_2024_20240309_401585541.json",TRUE,TRUE,NA
401585542,TRUE,"data/raw/2024/summary_2024_20240309_401585542.json",TRUE,TRUE,NA
401585543,TRUE,"data/raw/2024/summary_2024_20240309_401585543.json",TRUE,TRUE,NA
401585544,TRUE,"data/raw/2024/summary_2024_20240309_401585544.json",TRUE,TRUE,NA
401585545,TRUE,"data/raw/2024/summary_2024_20240309_401585545.json",TRUE,TRUE,NA
401585546,TRUE,"data/raw/2024/summary_2024_20240310_401585546.json",TRUE,TRUE,NA
401585547,TRUE,"data/raw/2024/summary_2024_20240310_401585547.json",TRUE,TRUE,NA
401585548,TRUE,"data/raw/2024/summary_2024_20240310_401585548.json",TRUE,TRUE,NA
401585549,TRUE,"data/raw/2024/summary_2024_20240310_401585549.json",TRUE,TRUE,NA
401585550,TRUE,"data/raw/2024/summary_2024_20240310_401585550.json",TRUE,TRUE,NA
401585551,TRUE,"data/raw/2024/summary_2024_20240310_401585551.json",TRUE,TRUE,NA
401585552,TRUE,"data/raw/2024/summary_2024_20240310_401585552.json",TRUE,TRUE,NA
401585553,TRUE,"data/raw/2024/summary_2024_20240310_401585553.json",TRUE,TRUE,NA
401585554,TRUE,"data/raw/2024/summary_2024_20240310_401585554.json",TRUE,TRUE,NA
401585556,TRUE,"data/raw/2024/summary_2024_20240310_401585556.json",TRUE,TRUE,NA
401585557,TRUE,"data/raw/2024/summary_2024_20240310_401585557.json",TRUE,TRUE,NA
401585555,TRUE,"data/raw/2024/summary_2024_20240310_401585555.json",TRUE,TRUE,NA
401585558,TRUE,"data/raw/2024/summary_2024_20240310_401585558.json",TRUE,TRUE,NA
401585559,TRUE,"data/raw/2024/summary_2024_20240310_401585559.json",TRUE,TRUE,NA
401585560,TRUE,"data/raw/2024/summary_2024_20240311_401585560.json",TRUE,TRUE,NA
401585561,TRUE,"data/raw/2024/summary_2024_20240311_401585561.json",TRUE,TRUE,NA
401585562,TRUE,"data/raw/2024/summary_2024_20240311_401585562.json",TRUE,TRUE,NA
401585563,TRUE,"data/raw/2024/summary_2024_20240312_401585563.json",TRUE,TRUE,NA
401585564,TRUE,"data/raw/2024/summary_2024_20240312_401585564.json",TRUE,TRUE,NA
401585565,TRUE,"data/raw/2024/summary_2024_20240312_401585565.json",TRUE,TRUE,NA
401585566,TRUE,"data/raw/2024/summary_2024_20240312_401585566.json",TRUE,TRUE,NA
401585567,TRUE,"data/raw/2024/summary_2024_20240312_401585567.json",TRUE,TRUE,NA
401585568,TRUE,"data/raw/2024/summary_2024_20240313_401585568.json",TRUE,TRUE,NA
401585569,TRUE,"data/raw/2024/summary_2024_20240313_401585569.json",TRUE,TRUE,NA
401585570,TRUE,"data/raw/2024/summary_2024_20240313_401585570.json",TRUE,TRUE,NA
401585571,TRUE,"data/raw/2024/summary_2024_20240313_401585571.json",TRUE,TRUE,NA
401585572,TRUE,"data/raw/2024/summary_2024_20240313_401585572.json",TRUE,TRUE,NA
401585573,TRUE,"data/raw/2024/summary_2024_20240313_401585573.json",TRUE,TRUE,NA
401585574,TRUE,"data/raw/2024/summary_2024_20240313_401585574.json",TRUE,TRUE,NA
401585575,TRUE,"data/raw/2024/summary_2024_20240313_401585575.json",TRUE,TRUE,NA
401585576,TRUE,"data/raw/2024/summary_2024_20240313_401585576.json",TRUE,TRUE,NA
401585577,TRUE,"data/raw/2024/summary_2024_20240313_401585577.json",TRUE,TRUE,NA
401585578,TRUE,"data/raw/2024/summary_2024_20240314_401585578.json",TRUE,TRUE,NA
401585579,TRUE,"data/raw/2024/summary_2024_20240314_401585579.json",TRUE,TRUE,NA
401585580,TRUE,"data/raw/2024/summary_2024_20240314_401585580.json",TRUE,TRUE,NA
401585581,TRUE,"data/raw/2024/summary_2024_20240314_401585581.json",TRUE,TRUE,NA
401585582,TRUE,"data/raw/2024/summary_2024_20240314_401585582.json",TRUE,TRUE,NA
401585583,TRUE,"data/raw/2024/summary_2024_20240314_401585583.json",TRUE,TRUE,NA
401585584,TRUE,"data/raw/2024/summary_2024_20240315_401585584.json",TRUE,TRUE,NA
401585585,TRUE,"data/raw/2024/summary_2024_20240315_401585585.json",TRUE,TRUE,NA
401585586,TRUE,"data/raw/2024/summary_2024_20240315_401585586.json",TRUE,TRUE,NA
401585587,TRUE,"data/raw/2024/summary_2024_20240315_401585587.json",TRUE,TRUE,NA
401585588,TRUE,"data/raw/2024/summary_2024_20240315_401585588.json",TRUE,TRUE,NA
401585589,TRUE,"data/raw/2024/summary_2024_20240315_401585589.json",TRUE,TRUE,NA
401585590,TRUE,"data/raw/2024/summary_2024_20240315_401585590.json",TRUE,TRUE,NA
401585591,TRUE,"data/raw/2024/summary_2024_20240315_401585591.json",TRUE,TRUE,NA
401585592,TRUE,"data/raw/2024/summary_2024_20240316_401585592.json",TRUE,TRUE,NA
401585593,TRUE,"data/raw/2024/summary_2024_20240316_401585593.json",TRUE,TRUE,NA
401585594,TRUE,"data/raw/2024/summary_2024_20240316_401585594.json",TRUE,TRUE,NA
401585595,TRUE,"data/raw/2024/summary_2024_20240316_401585595.json",TRUE,TRUE,NA
401585596,TRUE,"data/raw/2024/summary_2024_20240316_401585596.json",TRUE,TRUE,NA
401585597,TRUE,"data/raw/2024/summary_2024_20240316_401585597.json",TRUE,TRUE,NA
401585598,TRUE,"data/raw/2024/summary_2024_20240316_401585598.json",TRUE,TRUE,NA
401585599,TRUE,"data/raw/2024/summary_2024_20240317_401585599.json",TRUE,TRUE,NA
401585600,TRUE,"data/raw/2024/summary_2024_20240317_401585600.json",TRUE,TRUE,NA
401585601,TRUE,"data/raw/2024/summary_2024_20240317_401585601.json",TRUE,TRUE,NA
401585602,TRUE,"data/raw/2024/summary_2024_20240317_401585602.json",TRUE,TRUE,NA
401585603,TRUE,"data/raw/2024/summary_2024_20240317_401585603.json",TRUE,TRUE,NA
401585604,TRUE,"data/raw/2024/summary_2024_20240317_401585604.json",TRUE,TRUE,NA
401585605,TRUE,"data/raw/2024/summary_2024_20240317_401585605.json",TRUE,TRUE,NA
401585606,TRUE,"data/raw/2024/summary_2024_20240317_401585606.json",TRUE,TRUE,NA
401585607,TRUE,"data/raw/2024/summary_2024_20240317_401585607.json",TRUE,TRUE,NA
401585608,TRUE,"data/raw/2024/summary_2024_20240317_401585608.json",TRUE,TRUE,NA
401585609,TRUE,"data/raw/2024/summary_2024_20240317_401585609.json",TRUE,TRUE,NA
401585610,TRUE,"data/raw/2024/summary_2024_20240318_401585610.json",TRUE,TRUE,NA
401585611,TRUE,"data/raw/2024/summary_2024_20240318_401585611.json",TRUE,TRUE,NA
401585612,TRUE,"data/raw/2024/summary_2024_20240318_401585612.json",TRUE,TRUE,NA
401585613,TRUE,"data/raw/2024/summary_2024_20240318_401585613.json",TRUE,TRUE,NA
401585614,TRUE,"data/raw/2024/summary_2024_20240319_401585614.json",TRUE,TRUE,NA
401585615,TRUE,"data/raw/2024/summary_2024_20240319_401585615.json",TRUE,TRUE,NA
401585616,TRUE,"data/raw/2024/summary_2024_20240319_401585616.json",TRUE,TRUE,NA
401585617,TRUE,"data/raw/2024/summary_2024_20240319_401585617.json",TRUE,TRUE,NA
401585618,TRUE,"data/raw/2024/summary_2024_20240319_401585618.json",TRUE,TRUE,NA
401585619,TRUE,"data/raw/2024/summary_2024_20240319_401585619.json",TRUE,TRUE,NA
401585620,TRUE,"data/raw/2024/summary_2024_20240319_401585620.json",TRUE,TRUE,NA
401585621,TRUE,"data/raw/2024/summary_2024_20240319_401585621.json",TRUE,TRUE,NA
401585622,TRUE,"data/raw/2024/summary_2024_20240320_401585622.json",TRUE,TRUE,NA
401585623,TRUE,"data/raw/2024/summary_2024_20240320_401585623.json",TRUE,TRUE,NA
401585624,TRUE,"data/raw/2024/summary_2024_20240320_401585624.json",TRUE,TRUE,NA
401585625,TRUE,"data/raw/2024/summary_2024_20240320_401585625.json",TRUE,TRUE,NA
401585626,TRUE,"data/raw/2024/summary_2024_20240320_401585626.json",TRUE,TRUE,NA
401585627,TRUE,"data/raw/2024/summary_2024_20240320_401585627.json",TRUE,TRUE,NA
401585628,TRUE,"data/raw/2024/summary_2024_20240321_401585628.json",TRUE,TRUE,NA
401585629,TRUE,"data/raw/2024/summary_2024_20240321_401585629.json",TRUE,TRUE,NA
401585630,TRUE,"data/raw/2024/summary_2024_20240321_401585630.json",TRUE,TRUE,NA
401585631,TRUE,"data/raw/2024/summary_2024_20240321_401585631.json",TRUE,TRUE,NA
401585632,TRUE,"data/raw/2024/summary_2024_20240321_401585632.json",TRUE,TRUE,NA
401585633,TRUE,"data/raw/2024/summary_2024_20240321_401585633.json",TRUE,TRUE,NA
401585634,TRUE,"data/raw/2024/summary_2024_20240322_401585634.json",TRUE,TRUE,NA
401585635,TRUE,"data/raw/2024/summary_2024_20240322_401585635.json",TRUE,TRUE,NA
401585636,TRUE,"data/raw/2024/summary_2024_20240322_401585636.json",TRUE,TRUE,NA
401585637,TRUE,"data/raw/2024/summary_2024_20240322_401585637.json",TRUE,TRUE,NA
401585638,TRUE,"data/raw/2024/summary_2024_20240322_401585638.json",TRUE,TRUE,NA
401585639,TRUE,"data/raw/2024/summary_2024_20240322_401585639.json",TRUE,TRUE,NA
401585640,TRUE,"data/raw/2024/summary_2024_20240322_401585640.json",TRUE,TRUE,NA
401585641,TRUE,"data/raw/2024/summary_2024_20240323_401585641.json",TRUE,TRUE,NA
401585642,TRUE,"data/raw/2024/summary_2024_20240323_401585642.json",TRUE,TRUE,NA
401585643,TRUE,"data/raw/2024/summary_2024_20240323_401585643.json",TRUE,TRUE,NA
401585644,TRUE,"data/raw/2024/summary_2024_20240323_401585644.json",TRUE,TRUE,NA
401585645,TRUE,"data/raw/2024/summary_2024_20240323_401585645.json",TRUE,TRUE,NA
401585646,TRUE,"data/raw/2024/summary_2024_20240323_401585646.json",TRUE,TRUE,NA
401585647,TRUE,"data/raw/2024/summary_2024_20240323_401585647.json",TRUE,TRUE,NA
401585648,TRUE,"data/raw/2024/summary_2024_20240323_401585648.json",TRUE,TRUE,NA
401585649,TRUE,"data/raw/2024/summary_2024_20240323_401585649.json",TRUE,TRUE,NA
401585650,TRUE,"data/raw/2024/summary_2024_20240324_401585650.json",TRUE,TRUE,NA
401585651,TRUE,"data/raw/2024/summary_2024_20240324_401585651.json",TRUE,TRUE,NA
401585652,TRUE,"data/raw/2024/summary_2024_20240324_401585652.json",TRUE,TRUE,NA
401585653,TRUE,"data/raw/2024/summary_2024_20240324_401585653.json",TRUE,TRUE,NA
401585654,TRUE,"data/raw/2024/summary_2024_20240324_401585654.json",TRUE,TRUE,NA
401585655,TRUE,"data/raw/2024/summary_2024_20240324_401585655.json",TRUE,TRUE,NA
401585656,TRUE,"data/raw/2024/summary_2024_20240324_401585656.json",TRUE,TRUE,NA
401585657,TRUE,"data/raw/2024/summary_2024_20240324_401585657.json",TRUE,TRUE,NA
401585658,TRUE,"data/raw/2024/summary_2024_20240324_401585658.json",TRUE,TRUE,NA
401585659,TRUE,"data/raw/2024/summary_2024_20240324_401585659.json",TRUE,TRUE,NA
401585660,TRUE,"data/raw/2024/summary_2024_20240325_401585660.json",TRUE,TRUE,NA
401585661,TRUE,"data/raw/2024/summary_2024_20240325_401585661.json",TRUE,TRUE,NA
401585662,TRUE,"data/raw/2024/summary_2024_20240325_401585662.json",TRUE,TRUE,NA
401585663,TRUE,"data/raw/2024/summary_2024_20240325_401585663.json",TRUE,TRUE,NA
401585664,TRUE,"data/raw/2024/summary_2024_20240325_401585664.json",TRUE,TRUE,NA
401585665,TRUE,"data/raw/2024/summary_2024_20240326_401585665.json",TRUE,TRUE,NA
401585666,TRUE,"data/raw/2024/summary_2024_20240326_401585666.json",TRUE,TRUE,NA
401585667,TRUE,"data/raw/2024/summary_2024_20240326_401585667.json",TRUE,TRUE,NA
401585668,TRUE,"data/raw/2024/summary_2024_20240326_401585668.json",TRUE,TRUE,NA
401585669,TRUE,"data/raw/2024/summary_2024_20240326_401585669.json",TRUE,TRUE,NA
401585670,TRUE,"data/raw/2024/summary_2024_20240326_401585670.json",TRUE,TRUE,NA
401585671,TRUE,"data/raw/2024/summary_2024_20240326_401585671.json",TRUE,TRUE,NA
401585672,TRUE,"data/raw/2024/summary_2024_20240326_401585672.json",TRUE,TRUE,NA
401585673,TRUE,"data/raw/2024/summary_2024_20240326_401585673.json",TRUE,TRUE,NA
401585674,TRUE,"data/raw/2024/summary_2024_20240327_401585674.json",TRUE,TRUE,NA
401585675,TRUE,"data/raw/2024/summary_2024_20240327_401585675.json",TRUE,TRUE,NA
401585676,TRUE,"data/raw/2024/summary_2024_20240327_401585676.json",TRUE,TRUE,NA
401585677,TRUE,"data/raw/2024/summary_2024_20240327_401585677.json",TRUE,TRUE,NA
401585678,TRUE,"data/raw/2024/summary_2024_20240327_401585678.json",TRUE,TRUE,NA
401585679,TRUE,"data/raw/2024/summary_2024_20240327_401585679.json",TRUE,TRUE,NA
401585680,TRUE,"data/raw/2024/summary_2024_20240327_401585680.json",TRUE,TRUE,NA
401585681,TRUE,"data/raw/2024/summary_2024_20240327_401585681.json",TRUE,TRUE,NA
401585682,TRUE,"data/raw/2024/summary_2024_20240328_401585682.json",TRUE,TRUE,NA
401585683,TRUE,"data/raw/2024/summary_2024_20240328_401585683.json",TRUE,TRUE,NA
401585684,TRUE,"data/raw/2024/summary_2024_20240328_401585684.json",TRUE,TRUE,NA
401585685,TRUE,"data/raw/2024/summary_2024_20240328_401585685.json",TRUE,TRUE,NA
401585686,TRUE,"data/raw/2024/summary_2024_20240328_401585686.json",TRUE,TRUE,NA
401585687,TRUE,"data/raw/2024/summary_2024_20240328_401585687.json",TRUE,TRUE,NA
401585688,TRUE,"data/raw/2024/summary_2024_20240328_401585688.json",TRUE,TRUE,NA
401585689,TRUE,"data/raw/2024/summary_2024_20240329_401585689.json",TRUE,TRUE,NA
401585690,TRUE,"data/raw/2024/summary_2024_20240329_401585690.json",TRUE,TRUE,NA
401585691,TRUE,"data/raw/2024/summary_2024_20240329_401585691.json",TRUE,TRUE,NA
401585692,TRUE,"data/raw/2024/summary_2024_20240329_401585692.json",TRUE,TRUE,NA
401585693,TRUE,"data/raw/2024/summary_2024_20240329_401585693.json",TRUE,TRUE,NA
401585694,TRUE,"data/raw/2024/summary_2024_20240329_401585694.json",TRUE,TRUE,NA
401585695,TRUE,"data/raw/2024/summary_2024_20240329_401585695.json",TRUE,TRUE,NA
401585696,TRUE,"data/raw/2024/summary_2024_20240330_401585696.json",TRUE,TRUE,NA
401585697,TRUE,"data/raw/2024/summary_2024_20240330_401585697.json",TRUE,TRUE,NA
401585698,TRUE,"data/raw/2024/summary_2024_20240330_401585698.json",TRUE,TRUE,NA
401585699,TRUE,"data/raw/2024/summary_2024_20240330_401585699.json",TRUE,TRUE,NA
401585700,TRUE,"data/raw/2024/summary_2024_20240330_401585700.json",TRUE,TRUE,NA
401585701,TRUE,"data/raw/2024/summary_2024_20240330_401585701.json",TRUE,TRUE,NA
401585702,TRUE,"data/raw/2024/summary_2024_20240330_401585702.json",TRUE,TRUE,NA
401585703,TRUE,"data/raw/2024/summary_2024_20240330_401585703.json",TRUE,TRUE,NA
401585704,TRUE,"data/raw/2024/summary_2024_20240330_401585704.json",TRUE,TRUE,NA
401585705,TRUE,"data/raw/2024/summary_2024_20240331_401585705.json",TRUE,TRUE,NA
401585706,TRUE,"data/raw/2024/summary_2024_20240331_401585706.json",TRUE,TRUE,NA
401585707,TRUE,"data/raw/2024/summary_2024_20240331_401585707.json",TRUE,TRUE,NA
401585708,TRUE,"data/raw/2024/summary_2024_20240331_401585708.json",TRUE,TRUE,NA
401585709,TRUE,"data/raw/2024/summary_2024_20240331_401585709.json",TRUE,TRUE,NA
401585710,TRUE,"data/raw/2024/summary_2024_20240331_401585710.json",TRUE,TRUE,NA
401585711,TRUE,"data/raw/2024/summary_2024_20240331_401585711.json",TRUE,TRUE,NA
401585712,TRUE,"data/raw/2024/summary_2024_20240331_401585712.json",TRUE,TRUE,NA
401585713,TRUE,"data/raw/2024/summary_2024_20240331_401585713.json",TRUE,TRUE,NA
401585714,TRUE,"data/raw/2024/summary_2024_20240401_401585714.json",TRUE,TRUE,NA
401585715,TRUE,"data/raw/2024/summary_2024_20240401_401585715.json",TRUE,TRUE,NA
401585716,TRUE,"data/raw/2024/summary_2024_20240401_401585716.json",TRUE,TRUE,NA
401585717,TRUE,"data/raw/2024/summary_2024_20240401_401585717.json",TRUE,TRUE,NA
401585718,TRUE,"data/raw/2024/summary_2024_20240401_401585718.json",TRUE,TRUE,NA
401585719,TRUE,"data/raw/2024/summary_2024_20240402_401585719.json",TRUE,TRUE,NA
401585720,TRUE,"data/raw/2024/summary_2024_20240402_401585720.json",TRUE,TRUE,NA
401585722,TRUE,"data/raw/2024/summary_2024_20240402_401585722.json",TRUE,TRUE,NA
401585723,TRUE,"data/raw/2024/summary_2024_20240402_401585723.json",TRUE,TRUE,NA
401585721,TRUE,"data/raw/2024/summary_2024_20240402_401585721.json",TRUE,TRUE,NA
401585724,TRUE,"data/raw/2024/summary_2024_20240402_401585724.json",TRUE,TRUE,NA
401585726,TRUE,"data/raw/2024/summary_2024_20240403_401585726.json",TRUE,TRUE,NA
401585727,TRUE,"data/raw/2024/summary_2024_20240403_401585727.json",TRUE,TRUE,NA
401585728,TRUE,"data/raw/2024/summary_2024_20240403_401585728.json",TRUE,TRUE,NA
401585729,TRUE,"data/raw/2024/summary_2024_20240403_401585729.json",TRUE,TRUE,NA
401636114,TRUE,"data/raw/2024/summary_2024_20240403_401636114.json",TRUE,TRUE,NA
401585730,TRUE,"data/raw/2024/summary_2024_20240403_401585730.json",TRUE,TRUE,NA
401585731,TRUE,"data/raw/2024/summary_2024_20240403_401585731.json",TRUE,TRUE,NA
401585732,TRUE,"data/raw/2024/summary_2024_20240403_401585732.json",TRUE,TRUE,NA
401585733,TRUE,"data/raw/2024/summary_2024_20240403_401585733.json",TRUE,TRUE,NA
401585734,TRUE,"data/raw/2024/summary_2024_20240403_401585734.json",TRUE,TRUE,NA
401585735,TRUE,"data/raw/2024/summary_2024_20240404_401585735.json",TRUE,TRUE,NA
401585736,TRUE,"data/raw/2024/summary_2024_20240404_401585736.json",TRUE,TRUE,NA
401585737,TRUE,"data/raw/2024/summary_2024_20240404_401585737.json",TRUE,TRUE,NA
401585738,TRUE,"data/raw/2024/summary_2024_20240404_401585738.json",TRUE,TRUE,NA
401585739,TRUE,"data/raw/2024/summary_2024_20240404_401585739.json",TRUE,TRUE,NA
401585740,TRUE,"data/raw/2024/summary_2024_20240404_401585740.json",TRUE,TRUE,NA
401585752,TRUE,"data/raw/2024/summary_2024_20240404_401585752.json",TRUE,TRUE,NA
401585741,TRUE,"data/raw/2024/summary_2024_20240405_401585741.json",TRUE,TRUE,NA
401585742,TRUE,"data/raw/2024/summary_2024_20240405_401585742.json",TRUE,TRUE,NA
401585743,TRUE,"data/raw/2024/summary_2024_20240405_401585743.json",TRUE,TRUE,NA
401585744,TRUE,"data/raw/2024/summary_2024_20240405_401585744.json",TRUE,TRUE,NA
401585745,TRUE,"data/raw/2024/summary_2024_20240405_401585745.json",TRUE,TRUE,NA
401585746,TRUE,"data/raw/2024/summary_2024_20240405_401585746.json",TRUE,TRUE,NA
401585747,TRUE,"data/raw/2024/summary_2024_20240406_401585747.json",TRUE,TRUE,NA
401585748,TRUE,"data/raw/2024/summary_2024_20240406_401585748.json",TRUE,TRUE,NA
401585749,TRUE,"data/raw/2024/summary_2024_20240406_401585749.json",TRUE,TRUE,NA
401585750,TRUE,"data/raw/2024/summary_2024_20240406_401585750.json",TRUE,TRUE,NA
401585751,TRUE,"data/raw/2024/summary_2024_20240406_401585751.json",TRUE,TRUE,NA
401585725,TRUE,"data/raw/2024/summary_2024_20240406_401585725.json",TRUE,TRUE,NA
401585753,TRUE,"data/raw/2024/summary_2024_20240406_401585753.json",TRUE,TRUE,NA
401585754,TRUE,"data/raw/2024/summary_2024_20240406_401585754.json",TRUE,TRUE,NA
401585755,TRUE,"data/raw/2024/summary_2024_20240406_401585755.json",TRUE,TRUE,NA
401585756,TRUE,"data/raw/2024/summary_2024_20240406_401585756.json",TRUE,TRUE,NA
401585757,TRUE,"data/raw/2024/summary_2024_20240407_401585757.json",TRUE,TRUE,NA
401585758,TRUE,"data/raw/2024/summary_2024_20240407_401585758.json",TRUE,TRUE,NA
401585759,TRUE,"data/raw/2024/summary_2024_20240407_401585759.json",TRUE,TRUE,NA
401585760,TRUE,"data/raw/2024/summary_2024_20240407_401585760.json",TRUE,TRUE,NA
401585761,TRUE,"data/raw/2024/summary_2024_20240407_401585761.json",TRUE,TRUE,NA
401585762,TRUE,"data/raw/2024/summary_2024_20240407_401585762.json",TRUE,TRUE,NA
401585763,TRUE,"data/raw/2024/summary_2024_20240407_401585763.json",TRUE,TRUE,NA
401585764,TRUE,"data/raw/2024/summary_2024_20240407_401585764.json",TRUE,TRUE,NA
401585765,TRUE,"data/raw/2024/summary_2024_20240407_401585765.json",TRUE,TRUE,NA
401585766,TRUE,"data/raw/2024/summary_2024_20240407_401585766.json",TRUE,TRUE,NA
401585767,TRUE,"data/raw/2024/summary_2024_20240407_401585767.json",TRUE,TRUE,NA
401585768,TRUE,"data/raw/2024/summary_2024_20240407_401585768.json",TRUE,TRUE,NA
401585769,TRUE,"data/raw/2024/summary_2024_20240407_401585769.json",TRUE,TRUE,NA
401585770,TRUE,"data/raw/2024/summary_2024_20240408_401585770.json",TRUE,TRUE,NA
401585771,TRUE,"data/raw/2024/summary_2024_20240408_401585771.json",TRUE,TRUE,NA
401585772,TRUE,"data/raw/2024/summary_2024_20240409_401585772.json",TRUE,TRUE,NA
401585773,TRUE,"data/raw/2024/summary_2024_20240409_401585773.json",TRUE,TRUE,NA
401585774,TRUE,"data/raw/2024/summary_2024_20240409_401585774.json",TRUE,TRUE,NA
401585775,TRUE,"data/raw/2024/summary_2024_20240409_401585775.json",TRUE,TRUE,NA
401585776,TRUE,"data/raw/2024/summary_2024_20240409_401585776.json",TRUE,TRUE,NA
401585777,TRUE,"data/raw/2024/summary_2024_20240410_401585777.json",TRUE,TRUE,NA
401585778,TRUE,"data/raw/2024/summary_2024_20240410_401585778.json",TRUE,TRUE,NA
401585779,TRUE,"data/raw/2024/summary_2024_20240410_401585779.json",TRUE,TRUE,NA
401585780,TRUE,"data/raw/2024/summary_2024_20240410_401585780.json",TRUE,TRUE,NA
401585781,TRUE,"data/raw/2024/summary_2024_20240410_401585781.json",TRUE,TRUE,NA
401585782,TRUE,"data/raw/2024/summary_2024_20240410_401585782.json",TRUE,TRUE,NA
401585783,TRUE,"data/raw/2024/summary_2024_20240410_401585783.json",TRUE,TRUE,NA
401585784,TRUE,"data/raw/2024/summary_2024_20240410_401585784.json",TRUE,TRUE,NA
401585785,TRUE,"data/raw/2024/summary_2024_20240410_401585785.json",TRUE,TRUE,NA
401585786,TRUE,"data/raw/2024/summary_2024_20240410_401585786.json",TRUE,TRUE,NA
401585787,TRUE,"data/raw/2024/summary_2024_20240410_401585787.json",TRUE,TRUE,NA
401585788,TRUE,"data/raw/2024/summary_2024_20240410_401585788.json",TRUE,TRUE,NA
401585789,TRUE,"data/raw/2024/summary_2024_20240410_401585789.json",TRUE,TRUE,NA
401585790,TRUE,"data/raw/2024/summary_2024_20240411_401585790.json",TRUE,TRUE,NA
401585791,TRUE,"data/raw/2024/summary_2024_20240411_401585791.json",TRUE,TRUE,NA
401585792,TRUE,"data/raw/2024/summary_2024_20240411_401585792.json",TRUE,TRUE,NA
401585793,TRUE,"data/raw/2024/summary_2024_20240411_401585793.json",TRUE,TRUE,NA
401585794,TRUE,"data/raw/2024/summary_2024_20240411_401585794.json",TRUE,TRUE,NA
401585795,TRUE,"data/raw/2024/summary_2024_20240411_401585795.json",TRUE,TRUE,NA
401585796,TRUE,"data/raw/2024/summary_2024_20240412_401585796.json",TRUE,TRUE,NA
401585797,TRUE,"data/raw/2024/summary_2024_20240412_401585797.json",TRUE,TRUE,NA
401585798,TRUE,"data/raw/2024/summary_2024_20240412_401585798.json",TRUE,TRUE,NA
401585799,TRUE,"data/raw/2024/summary_2024_20240412_401585799.json",TRUE,TRUE,NA
401585800,TRUE,"data/raw/2024/summary_2024_20240412_401585800.json",TRUE,TRUE,NA
401585801,TRUE,"data/raw/2024/summary_2024_20240412_401585801.json",TRUE,TRUE,NA
401585802,TRUE,"data/raw/2024/summary_2024_20240412_401585802.json",TRUE,TRUE,NA
401585803,TRUE,"data/raw/2024/summary_2024_20240412_401585803.json",TRUE,TRUE,NA
401585804,TRUE,"data/raw/2024/summary_2024_20240413_401585804.json",TRUE,TRUE,NA
401585805,TRUE,"data/raw/2024/summary_2024_20240413_401585805.json",TRUE,TRUE,NA
401585806,TRUE,"data/raw/2024/summary_2024_20240413_401585806.json",TRUE,TRUE,NA
401585807,TRUE,"data/raw/2024/summary_2024_20240413_401585807.json",TRUE,TRUE,NA
401585808,TRUE,"data/raw/2024/summary_2024_20240413_401585808.json",TRUE,TRUE,NA
401585809,TRUE,"data/raw/2024/summary_2024_20240413_401585809.json",TRUE,TRUE,NA
401585810,TRUE,"data/raw/2024/summary_2024_20240413_401585810.json",TRUE,TRUE,NA
401585811,TRUE,"data/raw/2024/summary_2024_20240413_401585811.json",TRUE,TRUE,NA
401585812,TRUE,"data/raw/2024/summary_2024_20240413_401585812.json",TRUE,TRUE,NA
401585813,TRUE,"data/raw/2024/summary_2024_20240413_401585813.json",TRUE,TRUE,NA
401585814,TRUE,"data/raw/2024/summary_2024_20240414_401585814.json",TRUE,TRUE,NA
401585815,TRUE,"data/raw/2024/summary_2024_20240414_401585815.json",TRUE,TRUE,NA
401585816,TRUE,"data/raw/2024/summary_2024_20240414_401585816.json",TRUE,TRUE,NA
401585817,TRUE,"data/raw/2024/summary_2024_20240414_401585817.json",TRUE,TRUE,NA
401585818,TRUE,"data/raw/2024/summary_2024_20240414_401585818.json",TRUE,TRUE,NA
401585819,TRUE,"data/raw/2024/summary_2024_20240414_401585819.json",TRUE,TRUE,NA
401585820,TRUE,"data/raw/2024/summary_2024_20240414_401585820.json",TRUE,TRUE,NA
401585821,TRUE,"data/raw/2024/summary_2024_20240414_401585821.json",TRUE,TRUE,NA
401585822,TRUE,"data/raw/2024/summary_2024_20240414_401585822.json",TRUE,TRUE,NA
401585823,TRUE,"data/raw/2024/summary_2024_20240414_401585823.json",TRUE,TRUE,NA
401585824,TRUE,"data/raw/2024/summary_2024_20240414_401585824.json",TRUE,TRUE,NA
401585825,TRUE,"data/raw/2024/summary_2024_20240414_401585825.json",TRUE,TRUE,NA
401585826,TRUE,"data/raw/2024/summary_2024_20240414_401585826.json",TRUE,TRUE,NA
401585827,TRUE,"data/raw/2024/summary_2024_20240414_401585827.json",TRUE,TRUE,NA
401585828,TRUE,"data/raw/2024/summary_2024_20240414_401585828.json",TRUE,TRUE,NA
