"game_id","expected","file_path","scraped","has_boxscore","has_betting"
401704627,TRUE,"data/raw/2025/summary_2025_20241022_401704627.json",TRUE,TRUE,NA
401704628,TRUE,"data/raw/2025/summary_2025_20241023_401704628.json",TRUE,TRUE,NA
401704629,TRUE,"data/raw/2025/summary_2025_20241023_401704629.json",TRUE,TRUE,NA
401704630,TRUE,"data/raw/2025/summary_2025_20241023_401704630.json",TRUE,TRUE,NA
401704631,TRUE,"data/raw/2025/summary_2025_20241023_401704631.json",TRUE,TRUE,NA
401704632,TRUE,"data/raw/2025/summary_2025_20241023_401704632.json",TRUE,TRUE,NA
401704633,TRUE,"data/raw/2025/summary_2025_20241023_401704633.json",TRUE,TRUE,NA
401704634,TRUE,"data/raw/2025/summary_2025_20241024_401704634.json",TRUE,TRUE,NA
401704635,TRUE,"data/raw/2025/summary_2025_20241024_401704635.json",TRUE,TRUE,NA
401704636,TRUE,"data/raw/2025/summary_2025_20241024_401704636.json",TRUE,TRUE,NA
401704637,TRUE,"data/raw/2025/summary_2025_20241024_401704637.json",TRUE,TRUE,NA
401704638,TRUE,"data/raw/2025/summary_2025_20241024_401704638.json",TRUE,TRUE,NA
401704639,TRUE,"data/raw/2025/summary_2025_20241024_401704639.json",TRUE,TRUE,NA
401704640,TRUE,"data/raw/2025/summary_2025_20241024_401704640.json",TRUE,TRUE,NA
401704641,TRUE,"data/raw/2025/summary_2025_20241025_401704641.json",TRUE,TRUE,NA
401704642,TRUE,"data/raw/2025/summary_2025_20241025_401704642.json",TRUE,TRUE,NA
401704643,TRUE,"data/raw/2025/summary_2025_20241025_401704643.json",TRUE,TRUE,NA
401704644,TRUE,"data/raw/2025/summary_2025_20241025_401704644.json",TRUE,TRUE,NA
401704645,TRUE,"data/raw/2025/summary_2025_20241025_401704645.json",TRUE,TRUE,NA
401704646,TRUE,"data/raw/2025/summary_2025_20241025_401704646.json",TRUE,TRUE,NA
401704647,TRUE,"data/raw/2025/summary_2025_20241025_401704647.json",TRUE,TRUE,NA
401704648,TRUE,"data/raw/2025/summary_2025_20241026_401704648.json",TRUE,TRUE,NA
401704649,TRUE,"data/raw/2025/summary_2025_20241026_401704649.json",TRUE,TRUE,NA
401704650,TRUE,"data/raw/2025/summary_2025_20241026_401704650.json",TRUE,TRUE,NA
401704651,TRUE,"data/raw/2025/summary_2025_20241026_401704651.json",TRUE,TRUE,NA
401704652,TRUE,"data/raw/2025/summary_2025_20241026_401704652.json",TRUE,TRUE,NA
401704653,TRUE,"data/raw/2025/summary_2025_20241026_401704653.json",TRUE,TRUE,NA
401704654,TRUE,"data/raw/2025/summary_2025_20241026_401704654.json",TRUE,TRUE,NA
401704655,TRUE,"data/raw/2025/summary_2025_20241026_401704655.json",TRUE,TRUE,NA
401704656,TRUE,"data/raw/2025/summary_2025_20241026_401704656.json",TRUE,TRUE,NA
401704657,TRUE,"data/raw/2025/summary_2025_20241027_401704657.json",TRUE,TRUE,NA
401704658,TRUE,"data/raw/2025/summary_2025_20241027_401704658.json",TRUE,TRUE,NA
401704659,TRUE,"data/raw/2025/summary_2025_20241027_401704659.json",TRUE,TRUE,NA
401704660,TRUE,"data/raw/2025/summary_2025_20241027_401704660.json",TRUE,TRUE,NA
401704661,TRUE,"data/raw/2025/summary_2025_20241027_401704661.json",TRUE,TRUE,NA
401704662,TRUE,"data/raw/2025/summary_2025_20241027_401704662.json",TRUE,TRUE,NA
401704663,TRUE,"data/raw/2025/summary_2025_20241027_401704663.json",TRUE,TRUE,NA
401704664,TRUE,"data/raw/2025/summary_2025_20241027_401704664.json",TRUE,TRUE,NA
401704665,TRUE,"data/raw/2025/summary_2025_20241027_401704665.json",TRUE,TRUE,NA
401704666,TRUE,"data/raw/2025/summary_2025_20241027_401704666.json",TRUE,TRUE,NA
401704667,TRUE,"data/raw/2025/summary_2025_20241028_401704667.json",TRUE,TRUE,NA
401704668,TRUE,"data/raw/2025/summary_2025_20241028_401704668.json",TRUE,TRUE,NA
401704669,TRUE,"data/raw/2025/summary_2025_20241028_401704669.json",TRUE,TRUE,NA
401704670,TRUE,"data/raw/2025/summary_2025_20241028_401704670.json",TRUE,TRUE,NA
401704671,TRUE,"data/raw/2025/summary_2025_20241028_401704671.json",TRUE,TRUE,NA
401704672,TRUE,"data/raw/2025/summary_2025_20241028_401704672.json",TRUE,TRUE,NA
401704673,TRUE,"data/raw/2025/summary_2025_20241028_401704673.json",TRUE,TRUE,NA
401704674,TRUE,"data/raw/2025/summary_2025_20241029_401704674.json",TRUE,TRUE,NA
401704675,TRUE,"data/raw/2025/summary_2025_20241029_401704675.json",TRUE,TRUE,NA
401704676,TRUE,"data/raw/2025/summary_2025_20241029_401704676.json",TRUE,TRUE,NA
401704677,TRUE,"data/raw/2025/summary_2025_20241029_401704677.json",TRUE,TRUE,NA
401704678,TRUE,"data/raw/2025/summary_2025_20241029_401704678.json",TRUE,TRUE,NA
401704679,TRUE,"data/raw/2025/summary_2025_20241029_401704679.json",TRUE,TRUE,NA
401704680,TRUE,"data/raw/2025/summary_2025_20241029_401704680.json",TRUE,TRUE,NA
401704681,TRUE,"data/raw/2025/summary_2025_20241030_401704681.json",TRUE,TRUE,NA
401704682,TRUE,"data/raw/2025/summary_2025_20241030_401704682.json",TRUE,TRUE,NA
401704683,TRUE,"data/raw/2025/summary_2025_20241030_401704683.json",TRUE,TRUE,NA
401704684,TRUE,"data/raw/2025/summary_2025_20241030_401704684.json",TRUE,TRUE,NA
401704685,TRUE,"data/raw/2025/summary_2025_20241030_401704685.json",TRUE,TRUE,NA
401704686,TRUE,"data/raw/2025/summary_2025_20241030_401704686.json",TRUE,TRUE,NA
401704687,TRUE,"data/raw/2025/summary_2025_20241030_401704687.json",TRUE,TRUE,NA
401704688,TRUE,"data/raw/2025/summary_2025_20241030_401704688.json",TRUE,TRUE,NA
401704689,TRUE,"data/raw/2025/summary_2025_20241031_401704689.json",TRUE,TRUE,NA
401704690,TRUE,"data/raw/2025/summary_2025_20241031_401704690.json",TRUE,TRUE,NA
401704691,TRUE,"data/raw/2025/summary_2025_20241031_401704691.json",TRUE,TRUE,NA
401704692,TRUE,"data/raw/2025/summary_2025_20241031_401704692.json",TRUE,TRUE,NA
401704693,TRUE,"data/raw/2025/summary_2025_20241031_401704693.json",TRUE,TRUE,NA
401704694,TRUE,"data/raw/2025/summary_2025_20241101_401704694.json",TRUE,TRUE,NA
401704695,TRUE,"data/raw/2025/summary_2025_20241101_401704695.json",TRUE,TRUE,NA
401704696,TRUE,"data/raw/2025/summary_2025_20241101_401704696.json",TRUE,TRUE,NA
401704697,TRUE,"data/raw/2025/summary_2025_20241101_401704697.json",TRUE,TRUE,NA
401704698,TRUE,"data/raw/2025/summary_2025_20241101_401704698.json",TRUE,TRUE,NA
401704699,TRUE,"data/raw/2025/summary_2025_20241101_401704699.json",TRUE,TRUE,NA
401704700,TRUE,"data/raw/2025/summary_2025_20241101_401704700.json",TRUE,TRUE,NA
401704701,TRUE,"data/raw/2025/summary_2025_20241101_401704701.json",TRUE,TRUE,NA
401704702,TRUE,"data/raw/2025/summary_2025_20241101_401704702.json",TRUE,TRUE,NA
401704703,TRUE,"data/raw/2025/summary_2025_20241101_401704703.json",TRUE,TRUE,NA
401704704,TRUE,"data/raw/2025/summary_2025_20241102_401704704.json",TRUE,TRUE,NA
401704705,TRUE,"data/raw/2025/summary_2025_20241102_401704705.json",TRUE,TRUE,NA
401704706,TRUE,"data/raw/2025/summary_2025_20241102_401704706.json",TRUE,TRUE,NA
401704707,TRUE,"data/raw/2025/summary_2025_20241102_401704707.json",TRUE,TRUE,NA
401704708,TRUE,"data/raw/2025/summary_2025_20241102_401704708.json",TRUE,TRUE,NA
401704709,TRUE,"data/raw/2025/summary_2025_20241102_401704709.json",TRUE,TRUE,NA
401704710,TRUE,"data/raw/2025/summary_2025_20241103_401704710.json",TRUE,TRUE,NA
401704711,TRUE,"data/raw/2025/summary_2025_20241103_401704711.json",TRUE,TRUE,NA
401704712,TRUE,"data/raw/2025/summary_2025_20241103_401704712.json",TRUE,TRUE,NA
401704713,TRUE,"data/raw/2025/summary_2025_20241103_401704713.json",TRUE,TRUE,NA
401704714,TRUE,"data/raw/2025/summary_2025_20241103_401704714.json",TRUE,TRUE,NA
401704715,TRUE,"data/raw/2025/summary_2025_20241103_401704715.json",TRUE,TRUE,NA
401704716,TRUE,"data/raw/2025/summary_2025_20241103_401704716.json",TRUE,TRUE,NA
401704717,TRUE,"data/raw/2025/summary_2025_20241103_401704717.json",TRUE,TRUE,NA
401704718,TRUE,"data/raw/2025/summary_2025_20241104_401704718.json",TRUE,TRUE,NA
401704719,TRUE,"data/raw/2025/summary_2025_20241104_401704719.json",TRUE,TRUE,NA
401704720,TRUE,"data/raw/2025/summary_2025_20241105_401704720.json",TRUE,TRUE,NA
401704721,TRUE,"data/raw/2025/summary_2025_20241105_401704721.json",TRUE,TRUE,NA
401704722,TRUE,"data/raw/2025/summary_2025_20241105_401704722.json",TRUE,TRUE,NA
401704723,TRUE,"data/raw/2025/summary_2025_20241105_401704723.json",TRUE,TRUE,NA
401704724,TRUE,"data/raw/2025/summary_2025_20241105_401704724.json",TRUE,TRUE,NA
401704725,TRUE,"data/raw/2025/summary_2025_20241105_401704725.json",TRUE,TRUE,NA
401704726,TRUE,"data/raw/2025/summary_2025_20241105_401704726.json",TRUE,TRUE,NA
401704727,TRUE,"data/raw/2025/summary_2025_20241105_401704727.json",TRUE,TRUE,NA
401704728,TRUE,"data/raw/2025/summary_2025_20241105_401704728.json",TRUE,TRUE,NA
401704729,TRUE,"data/raw/2025/summary_2025_20241105_401704729.json",TRUE,TRUE,NA
401704730,TRUE,"data/raw/2025/summary_2025_20241105_401704730.json",TRUE,TRUE,NA
401704731,TRUE,"data/raw/2025/summary_2025_20241105_401704731.json",TRUE,TRUE,NA
401704732,TRUE,"data/raw/2025/summary_2025_20241105_401704732.json",TRUE,TRUE,NA
401704733,TRUE,"data/raw/2025/summary_2025_20241105_401704733.json",TRUE,TRUE,NA
401704734,TRUE,"data/raw/2025/summary_2025_20241105_401704734.json",TRUE,TRUE,NA
401704735,TRUE,"data/raw/2025/summary_2025_20241107_401704735.json",TRUE,TRUE,NA
401704736,TRUE,"data/raw/2025/summary_2025_20241107_401704736.json",TRUE,TRUE,NA
401704737,TRUE,"data/raw/2025/summary_2025_20241107_401704737.json",TRUE,TRUE,NA
401704738,TRUE,"data/raw/2025/summary_2025_20241107_401704738.json",TRUE,TRUE,NA
401704739,TRUE,"data/raw/2025/summary_2025_20241107_401704739.json",TRUE,TRUE,NA
401704740,TRUE,"data/raw/2025/summary_2025_20241107_401704740.json",TRUE,TRUE,NA
401704741,TRUE,"data/raw/2025/summary_2025_20241107_401704741.json",TRUE,TRUE,NA
401704742,TRUE,"data/raw/2025/summary_2025_20241107_401704742.json",TRUE,TRUE,NA
401704743,TRUE,"data/raw/2025/summary_2025_20241107_401704743.json",TRUE,TRUE,NA
401704744,TRUE,"data/raw/2025/summary_2025_20241107_401704744.json",TRUE,TRUE,NA
401704745,TRUE,"data/raw/2025/summary_2025_20241107_401704745.json",TRUE,TRUE,NA
401704746,TRUE,"data/raw/2025/summary_2025_20241107_401704746.json",TRUE,TRUE,NA
401704747,TRUE,"data/raw/2025/summary_2025_20241108_401704747.json",TRUE,TRUE,NA
401704748,TRUE,"data/raw/2025/summary_2025_20241108_401704748.json",TRUE,TRUE,NA
401704749,TRUE,"data/raw/2025/summary_2025_20241108_401704749.json",TRUE,TRUE,NA
401704750,TRUE,"data/raw/2025/summary_2025_20241109_401704750.json",TRUE,TRUE,NA
401704751,TRUE,"data/raw/2025/summary_2025_20241109_401704751.json",TRUE,TRUE,NA
401704752,TRUE,"data/raw/2025/summary_2025_20241109_401704752.json",TRUE,TRUE,NA
401704753,TRUE,"data/raw/2025/summary_2025_20241109_401704753.json",TRUE,TRUE,NA
401704754,TRUE,"data/raw/2025/summary_2025_20241109_401704754.json",TRUE,TRUE,NA
401704755,TRUE,"data/raw/2025/summary_2025_20241109_401704755.json",TRUE,TRUE,NA
401704756,TRUE,"data/raw/2025/summary_2025_20241109_401704756.json",TRUE,TRUE,NA
401704757,TRUE,"data/raw/2025/summary_2025_20241109_401704757.json",TRUE,TRUE,NA
401704758,TRUE,"data/raw/2025/summary_2025_20241109_401704758.json",TRUE,TRUE,NA
401704759,TRUE,"data/raw/2025/summary_2025_20241109_401704759.json",TRUE,TRUE,NA
401704760,TRUE,"data/raw/2025/summary_2025_20241109_401704760.json",TRUE,TRUE,NA
401704761,TRUE,"data/raw/2025/summary_2025_20241109_401704761.json",TRUE,TRUE,NA
401704762,TRUE,"data/raw/2025/summary_2025_20241109_401704762.json",TRUE,TRUE,NA
401704763,TRUE,"data/raw/2025/summary_2025_20241109_401704763.json",TRUE,TRUE,NA
401704764,TRUE,"data/raw/2025/summary_2025_20241110_401704764.json",TRUE,TRUE,NA
401704765,TRUE,"data/raw/2025/summary_2025_20241110_401704765.json",TRUE,TRUE,NA
401704766,TRUE,"data/raw/2025/summary_2025_20241110_401704766.json",TRUE,TRUE,NA
401704767,TRUE,"data/raw/2025/summary_2025_20241110_401704767.json",TRUE,TRUE,NA
401704768,TRUE,"data/raw/2025/summary_2025_20241110_401704768.json",TRUE,TRUE,NA
401704769,TRUE,"data/raw/2025/summary_2025_20241110_401704769.json",TRUE,TRUE,NA
401704770,TRUE,"data/raw/2025/summary_2025_20241110_401704770.json",TRUE,TRUE,NA
401704771,TRUE,"data/raw/2025/summary_2025_20241111_401704771.json",TRUE,TRUE,NA
401704772,TRUE,"data/raw/2025/summary_2025_20241111_401704772.json",TRUE,TRUE,NA
401704773,TRUE,"data/raw/2025/summary_2025_20241111_401704773.json",TRUE,TRUE,NA
401704774,TRUE,"data/raw/2025/summary_2025_20241111_401704774.json",TRUE,TRUE,NA
401704775,TRUE,"data/raw/2025/summary_2025_20241111_401704775.json",TRUE,TRUE,NA
401704776,TRUE,"data/raw/2025/summary_2025_20241111_401704776.json",TRUE,TRUE,NA
401704777,TRUE,"data/raw/2025/summary_2025_20241111_401704777.json",TRUE,TRUE,NA
401704778,TRUE,"data/raw/2025/summary_2025_20241112_401704778.json",TRUE,TRUE,NA
401704779,TRUE,"data/raw/2025/summary_2025_20241112_401704779.json",TRUE,TRUE,NA
401704780,TRUE,"data/raw/2025/summary_2025_20241112_401704780.json",TRUE,TRUE,NA
401704781,TRUE,"data/raw/2025/summary_2025_20241112_401704781.json",TRUE,TRUE,NA
401704782,TRUE,"data/raw/2025/summary_2025_20241112_401704782.json",TRUE,TRUE,NA
401703370,TRUE,"data/raw/2025/summary_2025_20241113_401703370.json",TRUE,TRUE,NA
401703371,TRUE,"data/raw/2025/summary_2025_20241113_401703371.json",TRUE,TRUE,NA
401703372,TRUE,"data/raw/2025/summary_2025_20241113_401703372.json",TRUE,TRUE,NA
401703373,TRUE,"data/raw/2025/summary_2025_20241113_401703373.json",TRUE,TRUE,NA
401703374,TRUE,"data/raw/2025/summary_2025_20241113_401703374.json",TRUE,TRUE,NA
401703375,TRUE,"data/raw/2025/summary_2025_20241113_401703375.json",TRUE,TRUE,NA
401703376,TRUE,"data/raw/2025/summary_2025_20241113_401703376.json",TRUE,TRUE,NA
401703377,TRUE,"data/raw/2025/summary_2025_20241113_401703377.json",TRUE,TRUE,NA
401704783,TRUE,"data/raw/2025/summary_2025_20241114_401704783.json",TRUE,TRUE,NA
401704784,TRUE,"data/raw/2025/summary_2025_20241114_401704784.json",TRUE,TRUE,NA
401704785,TRUE,"data/raw/2025/summary_2025_20241114_401704785.json",TRUE,TRUE,NA
401704786,TRUE,"data/raw/2025/summary_2025_20241114_401704786.json",TRUE,TRUE,NA
401704787,TRUE,"data/raw/2025/summary_2025_20241114_401704787.json",TRUE,TRUE,NA
401704788,TRUE,"data/raw/2025/summary_2025_20241114_401704788.json",TRUE,TRUE,NA
401704789,TRUE,"data/raw/2025/summary_2025_20241114_401704789.json",TRUE,TRUE,NA
401704790,TRUE,"data/raw/2025/summary_2025_20241114_401704790.json",TRUE,TRUE,NA
401704791,TRUE,"data/raw/2025/summary_2025_20241114_401704791.json",TRUE,TRUE,NA
401704792,TRUE,"data/raw/2025/summary_2025_20241114_401704792.json",TRUE,TRUE,NA
401704793,TRUE,"data/raw/2025/summary_2025_20241114_401704793.json",TRUE,TRUE,NA
401704794,TRUE,"data/raw/2025/summary_2025_20241115_401704794.json",TRUE,TRUE,NA
401703378,TRUE,"data/raw/2025/summary_2025_20241116_401703378.json",TRUE,TRUE,NA
401703379,TRUE,"data/raw/2025/summary_2025_20241116_401703379.json",TRUE,TRUE,NA
401703380,TRUE,"data/raw/2025/summary_2025_20241116_401703380.json",TRUE,TRUE,NA
401703381,TRUE,"data/raw/2025/summary_2025_20241116_401703381.json",TRUE,TRUE,NA
401703382,TRUE,"data/raw/2025/summary_2025_20241116_401703382.json",TRUE,TRUE,NA
401703383,TRUE,"data/raw/2025/summary_2025_20241116_401703383.json",TRUE,TRUE,NA
401703384,TRUE,"data/raw/2025/summary_2025_20241116_401703384.json",TRUE,TRUE,NA
401703385,TRUE,"data/raw/2025/summary_2025_20241116_401703385.json",TRUE,TRUE,NA
401703386,TRUE,"data/raw/2025/summary_2025_20241116_401703386.json",TRUE,TRUE,NA
401703387,TRUE,"data/raw/2025/summary_2025_20241116_401703387.json",TRUE,TRUE,NA
401703388,TRUE,"data/raw/2025/summary_2025_20241116_401703388.json",TRUE,TRUE,NA
401703389,TRUE,"data/raw/2025/summary_2025_20241116_401703389.json",TRUE,TRUE,NA
401704795,TRUE,"data/raw/2025/summary_2025_20241116_401704795.json",TRUE,TRUE,NA
401704796,TRUE,"data/raw/2025/summary_2025_20241117_401704796.json",TRUE,TRUE,NA
401704797,TRUE,"data/raw/2025/summary_2025_20241117_401704797.json",TRUE,TRUE,NA
401704798,TRUE,"data/raw/2025/summary_2025_20241117_401704798.json",TRUE,TRUE,NA
401704799,TRUE,"data/raw/2025/summary_2025_20241117_401704799.json",TRUE,TRUE,NA
401704800,TRUE,"data/raw/2025/summary_2025_20241117_401704800.json",TRUE,TRUE,NA
401704801,TRUE,"data/raw/2025/summary_2025_20241117_401704801.json",TRUE,TRUE,NA
401704802,TRUE,"data/raw/2025/summary_2025_20241117_401704802.json",TRUE,TRUE,NA
401704803,TRUE,"data/raw/2025/summary_2025_20241117_401704803.json",TRUE,TRUE,NA
401704804,TRUE,"data/raw/2025/summary_2025_20241117_401704804.json",TRUE,TRUE,NA
401704805,TRUE,"data/raw/2025/summary_2025_20241117_401704805.json",TRUE,TRUE,NA
401704806,TRUE,"data/raw/2025/summary_2025_20241118_401704806.json",TRUE,TRUE,NA
401704807,TRUE,"data/raw/2025/summary_2025_20241118_401704807.json",TRUE,TRUE,NA
401704808,TRUE,"data/raw/2025/summary_2025_20241118_401704808.json",TRUE,TRUE,NA
401704809,TRUE,"data/raw/2025/summary_2025_20241118_401704809.json",TRUE,TRUE,NA
401704810,TRUE,"data/raw/2025/summary_2025_20241119_401704810.json",TRUE,TRUE,NA
401704811,TRUE,"data/raw/2025/summary_2025_20241119_401704811.json",TRUE,TRUE,NA
401704812,TRUE,"data/raw/2025/summary_2025_20241119_401704812.json",TRUE,TRUE,NA
401704813,TRUE,"data/raw/2025/summary_2025_20241119_401704813.json",TRUE,TRUE,NA
401704814,TRUE,"data/raw/2025/summary_2025_20241119_401704814.json",TRUE,TRUE,NA
401704815,TRUE,"data/raw/2025/summary_2025_20241119_401704815.json",TRUE,TRUE,NA
401704816,TRUE,"data/raw/2025/summary_2025_20241119_401704816.json",TRUE,TRUE,NA
401704817,TRUE,"data/raw/2025/summary_2025_20241119_401704817.json",TRUE,TRUE,NA
401703390,TRUE,"data/raw/2025/summary_2025_20241120_401703390.json",TRUE,TRUE,NA
401703391,TRUE,"data/raw/2025/summary_2025_20241120_401703391.json",TRUE,TRUE,NA
401703392,TRUE,"data/raw/2025/summary_2025_20241120_401703392.json",TRUE,TRUE,NA
401703393,TRUE,"data/raw/2025/summary_2025_20241120_401703393.json",TRUE,TRUE,NA
401703394,TRUE,"data/raw/2025/summary_2025_20241120_401703394.json",TRUE,TRUE,NA
401703395,TRUE,"data/raw/2025/summary_2025_20241120_401703395.json",TRUE,TRUE,NA
401704818,TRUE,"data/raw/2025/summary_2025_20241121_401704818.json",TRUE,TRUE,NA
401704819,TRUE,"data/raw/2025/summary_2025_20241121_401704819.json",TRUE,TRUE,NA
401704820,TRUE,"data/raw/2025/summary_2025_20241121_401704820.json",TRUE,TRUE,NA
401704821,TRUE,"data/raw/2025/summary_2025_20241121_401704821.json",TRUE,TRUE,NA
401704822,TRUE,"data/raw/2025/summary_2025_20241121_401704822.json",TRUE,TRUE,NA
401704823,TRUE,"data/raw/2025/summary_2025_20241121_401704823.json",TRUE,TRUE,NA
401704824,TRUE,"data/raw/2025/summary_2025_20241121_401704824.json",TRUE,TRUE,NA
401704825,TRUE,"data/raw/2025/summary_2025_20241121_401704825.json",TRUE,TRUE,NA
401704826,TRUE,"data/raw/2025/summary_2025_20241122_401704826.json",TRUE,TRUE,NA
401704827,TRUE,"data/raw/2025/summary_2025_20241122_401704827.json",TRUE,TRUE,NA
401704828,TRUE,"data/raw/2025/summary_2025_20241122_401704828.json",TRUE,TRUE,NA
401704829,TRUE,"data/raw/2025/summary_2025_20241122_401704829.json",TRUE,TRUE,NA
401703396,TRUE,"data/raw/2025/summary_2025_20241123_401703396.json",TRUE,TRUE,NA
401703397,TRUE,"data/raw/2025/summary_2025_20241123_401703397.json",TRUE,TRUE,NA
401703401,TRUE,"data/raw/2025/summary_2025_20241123_401703401.json",TRUE,TRUE,NA
401703398,TRUE,"data/raw/2025/summary_2025_20241123_401703398.json",TRUE,TRUE,NA
401703399,TRUE,"data/raw/2025/summary_2025_20241123_401703399.json",TRUE,TRUE,NA
401703400,TRUE,"data/raw/2025/summary_2025_20241123_401703400.json",TRUE,TRUE,NA
401703402,TRUE,"data/raw/2025/summary_2025_20241123_401703402.json",TRUE,TRUE,NA
401703403,TRUE,"data/raw/2025/summary_2025_20241123_401703403.json",TRUE,TRUE,NA
401704830,TRUE,"data/raw/2025/summary_2025_20241123_401704830.json",TRUE,TRUE,NA
401704831,TRUE,"data/raw/2025/summary_2025_20241124_401704831.json",TRUE,TRUE,NA
401704832,TRUE,"data/raw/2025/summary_2025_20241124_401704832.json",TRUE,TRUE,NA
401704833,TRUE,"data/raw/2025/summary_2025_20241124_401704833.json",TRUE,TRUE,NA
401704834,TRUE,"data/raw/2025/summary_2025_20241124_401704834.json",TRUE,TRUE,NA
401704835,TRUE,"data/raw/2025/summary_2025_20241124_401704835.json",TRUE,TRUE,NA
401704836,TRUE,"data/raw/2025/summary_2025_20241124_401704836.json",TRUE,TRUE,NA
401704837,TRUE,"data/raw/2025/summary_2025_20241124_401704837.json",TRUE,TRUE,NA
401704838,TRUE,"data/raw/2025/summary_2025_20241124_401704838.json",TRUE,TRUE,NA
401704839,TRUE,"data/raw/2025/summary_2025_20241124_401704839.json",TRUE,TRUE,NA
401704840,TRUE,"data/raw/2025/summary_2025_20241124_401704840.json",TRUE,TRUE,NA
401704841,TRUE,"data/raw/2025/summary_2025_20241125_401704841.json",TRUE,TRUE,NA
401704842,TRUE,"data/raw/2025/summary_2025_20241125_401704842.json",TRUE,TRUE,NA
401704843,TRUE,"data/raw/2025/summary_2025_20241126_401704843.json",TRUE,TRUE,NA
401704844,TRUE,"data/raw/2025/summary_2025_20241126_401704844.json",TRUE,TRUE,NA
401704845,TRUE,"data/raw/2025/summary_2025_20241126_401704845.json",TRUE,TRUE,NA
401704846,TRUE,"data/raw/2025/summary_2025_20241126_401704846.json",TRUE,TRUE,NA
401704847,TRUE,"data/raw/2025/summary_2025_20241126_401704847.json",TRUE,TRUE,NA
401704848,TRUE,"data/raw/2025/summary_2025_20241126_401704848.json",TRUE,TRUE,NA
401704849,TRUE,"data/raw/2025/summary_2025_20241126_401704849.json",TRUE,TRUE,NA
401704850,TRUE,"data/raw/2025/summary_2025_20241126_401704850.json",TRUE,TRUE,NA
401704851,TRUE,"data/raw/2025/summary_2025_20241126_401704851.json",TRUE,TRUE,NA
401703404,TRUE,"data/raw/2025/summary_2025_20241127_401703404.json",TRUE,TRUE,NA
401703405,TRUE,"data/raw/2025/summary_2025_20241127_401703405.json",TRUE,TRUE,NA
401703406,TRUE,"data/raw/2025/summary_2025_20241127_401703406.json",TRUE,TRUE,NA
401703407,TRUE,"data/raw/2025/summary_2025_20241127_401703407.json",TRUE,TRUE,NA
401703408,TRUE,"data/raw/2025/summary_2025_20241127_401703408.json",TRUE,TRUE,NA
401704852,TRUE,"data/raw/2025/summary_2025_20241128_401704852.json",TRUE,TRUE,NA
401704853,TRUE,"data/raw/2025/summary_2025_20241128_401704853.json",TRUE,TRUE,NA
401704854,TRUE,"data/raw/2025/summary_2025_20241128_401704854.json",TRUE,TRUE,NA
401704855,TRUE,"data/raw/2025/summary_2025_20241128_401704855.json",TRUE,TRUE,NA
401704856,TRUE,"data/raw/2025/summary_2025_20241128_401704856.json",TRUE,TRUE,NA
401704857,TRUE,"data/raw/2025/summary_2025_20241128_401704857.json",TRUE,TRUE,NA
401704858,TRUE,"data/raw/2025/summary_2025_20241128_401704858.json",TRUE,TRUE,NA
401704859,TRUE,"data/raw/2025/summary_2025_20241128_401704859.json",TRUE,TRUE,NA
401704860,TRUE,"data/raw/2025/summary_2025_20241128_401704860.json",TRUE,TRUE,NA
401704861,TRUE,"data/raw/2025/summary_2025_20241128_401704861.json",TRUE,TRUE,NA
401704862,TRUE,"data/raw/2025/summary_2025_20241128_401704862.json",TRUE,TRUE,NA
401704863,TRUE,"data/raw/2025/summary_2025_20241128_401704863.json",TRUE,TRUE,NA
401704864,TRUE,"data/raw/2025/summary_2025_20241128_401704864.json",TRUE,TRUE,NA
401704865,TRUE,"data/raw/2025/summary_2025_20241128_401704865.json",TRUE,TRUE,NA
401703409,TRUE,"data/raw/2025/summary_2025_20241129_401703409.json",TRUE,TRUE,NA
401703410,TRUE,"data/raw/2025/summary_2025_20241129_401703410.json",TRUE,TRUE,NA
401703411,TRUE,"data/raw/2025/summary_2025_20241129_401703411.json",TRUE,TRUE,NA
401703412,TRUE,"data/raw/2025/summary_2025_20241130_401703412.json",TRUE,TRUE,NA
401703413,TRUE,"data/raw/2025/summary_2025_20241130_401703413.json",TRUE,TRUE,NA
401703414,TRUE,"data/raw/2025/summary_2025_20241130_401703414.json",TRUE,TRUE,NA
401703415,TRUE,"data/raw/2025/summary_2025_20241130_401703415.json",TRUE,TRUE,NA
401703416,TRUE,"data/raw/2025/summary_2025_20241130_401703416.json",TRUE,TRUE,NA
401703417,TRUE,"data/raw/2025/summary_2025_20241130_401703417.json",TRUE,TRUE,NA
401703418,TRUE,"data/raw/2025/summary_2025_20241130_401703418.json",TRUE,TRUE,NA
401704866,TRUE,"data/raw/2025/summary_2025_20241130_401704866.json",TRUE,TRUE,NA
401704867,TRUE,"data/raw/2025/summary_2025_20241201_401704867.json",TRUE,TRUE,NA
401704868,TRUE,"data/raw/2025/summary_2025_20241201_401704868.json",TRUE,TRUE,NA
401704869,TRUE,"data/raw/2025/summary_2025_20241201_401704869.json",TRUE,TRUE,NA
401704870,TRUE,"data/raw/2025/summary_2025_20241201_401704870.json",TRUE,TRUE,NA
401704871,TRUE,"data/raw/2025/summary_2025_20241201_401704871.json",TRUE,TRUE,NA
401704872,TRUE,"data/raw/2025/summary_2025_20241201_401704872.json",TRUE,TRUE,NA
401704873,TRUE,"data/raw/2025/summary_2025_20241201_401704873.json",TRUE,TRUE,NA
401704874,TRUE,"data/raw/2025/summary_2025_20241201_401704874.json",TRUE,TRUE,NA
401704875,TRUE,"data/raw/2025/summary_2025_20241201_401704875.json",TRUE,TRUE,NA
401704876,TRUE,"data/raw/2025/summary_2025_20241202_401704876.json",TRUE,TRUE,NA
401704877,TRUE,"data/raw/2025/summary_2025_20241202_401704877.json",TRUE,TRUE,NA
401704878,TRUE,"data/raw/2025/summary_2025_20241202_401704878.json",TRUE,TRUE,NA
401704879,TRUE,"data/raw/2025/summary_2025_20241202_401704879.json",TRUE,TRUE,NA
401704880,TRUE,"data/raw/2025/summary_2025_20241202_401704880.json",TRUE,TRUE,NA
401704881,TRUE,"data/raw/2025/summary_2025_20241203_401704881.json",TRUE,TRUE,NA
401704882,TRUE,"data/raw/2025/summary_2025_20241203_401704882.json",TRUE,TRUE,NA
401704883,TRUE,"data/raw/2025/summary_2025_20241203_401704883.json",TRUE,TRUE,NA
401704884,TRUE,"data/raw/2025/summary_2025_20241203_401704884.json",TRUE,TRUE,NA
401703419,TRUE,"data/raw/2025/summary_2025_20241204_401703419.json",TRUE,TRUE,NA
401703420,TRUE,"data/raw/2025/summary_2025_20241204_401703420.json",TRUE,TRUE,NA
401703421,TRUE,"data/raw/2025/summary_2025_20241204_401703421.json",TRUE,TRUE,NA
401703422,TRUE,"data/raw/2025/summary_2025_20241204_401703422.json",TRUE,TRUE,NA
401703423,TRUE,"data/raw/2025/summary_2025_20241204_401703423.json",TRUE,TRUE,NA
401703424,TRUE,"data/raw/2025/summary_2025_20241204_401703424.json",TRUE,TRUE,NA
401703425,TRUE,"data/raw/2025/summary_2025_20241204_401703425.json",TRUE,TRUE,NA
401703426,TRUE,"data/raw/2025/summary_2025_20241204_401703426.json",TRUE,TRUE,NA
401703427,TRUE,"data/raw/2025/summary_2025_20241204_401703427.json",TRUE,TRUE,NA
401703428,TRUE,"data/raw/2025/summary_2025_20241204_401703428.json",TRUE,TRUE,NA
401703429,TRUE,"data/raw/2025/summary_2025_20241204_401703429.json",TRUE,TRUE,NA
401704885,TRUE,"data/raw/2025/summary_2025_20241205_401704885.json",TRUE,TRUE,NA
401704886,TRUE,"data/raw/2025/summary_2025_20241205_401704886.json",TRUE,TRUE,NA
401704887,TRUE,"data/raw/2025/summary_2025_20241205_401704887.json",TRUE,TRUE,NA
401704888,TRUE,"data/raw/2025/summary_2025_20241205_401704888.json",TRUE,TRUE,NA
401704889,TRUE,"data/raw/2025/summary_2025_20241205_401704889.json",TRUE,TRUE,NA
401704890,TRUE,"data/raw/2025/summary_2025_20241205_401704890.json",TRUE,TRUE,NA
401704891,TRUE,"data/raw/2025/summary_2025_20241206_401704891.json",TRUE,TRUE,NA
401704892,TRUE,"data/raw/2025/summary_2025_20241206_401704892.json",TRUE,TRUE,NA
401704893,TRUE,"data/raw/2025/summary_2025_20241206_401704893.json",TRUE,TRUE,NA
401704894,TRUE,"data/raw/2025/summary_2025_20241206_401704894.json",TRUE,TRUE,NA
401704895,TRUE,"data/raw/2025/summary_2025_20241206_401704895.json",TRUE,TRUE,NA
401704896,TRUE,"data/raw/2025/summary_2025_20241206_401704896.json",TRUE,TRUE,NA
401704897,TRUE,"data/raw/2025/summary_2025_20241206_401704897.json",TRUE,TRUE,NA
401704898,TRUE,"data/raw/2025/summary_2025_20241206_401704898.json",TRUE,TRUE,NA
401704899,TRUE,"data/raw/2025/summary_2025_20241207_401704899.json",TRUE,TRUE,NA
401704900,TRUE,"data/raw/2025/summary_2025_20241207_401704900.json",TRUE,TRUE,NA
401704901,TRUE,"data/raw/2025/summary_2025_20241207_401704901.json",TRUE,TRUE,NA
401704902,TRUE,"data/raw/2025/summary_2025_20241207_401704902.json",TRUE,TRUE,NA
401704903,TRUE,"data/raw/2025/summary_2025_20241207_401704903.json",TRUE,TRUE,NA
401704904,TRUE,"data/raw/2025/summary_2025_20241207_401704904.json",TRUE,TRUE,NA
401704905,TRUE,"data/raw/2025/summary_2025_20241207_401704905.json",TRUE,TRUE,NA
401704906,TRUE,"data/raw/2025/summary_2025_20241207_401704906.json",TRUE,TRUE,NA
401704907,TRUE,"data/raw/2025/summary_2025_20241208_401704907.json",TRUE,TRUE,NA
401704908,TRUE,"data/raw/2025/summary_2025_20241208_401704908.json",TRUE,TRUE,NA
401704909,TRUE,"data/raw/2025/summary_2025_20241208_401704909.json",TRUE,TRUE,NA
401704910,TRUE,"data/raw/2025/summary_2025_20241208_401704910.json",TRUE,TRUE,NA
401704911,TRUE,"data/raw/2025/summary_2025_20241208_401704911.json",TRUE,TRUE,NA
401704912,TRUE,"data/raw/2025/summary_2025_20241208_401704912.json",TRUE,TRUE,NA
401704913,TRUE,"data/raw/2025/summary_2025_20241208_401704913.json",TRUE,TRUE,NA
401704914,TRUE,"data/raw/2025/summary_2025_20241208_401704914.json",TRUE,TRUE,NA
401704915,TRUE,"data/raw/2025/summary_2025_20241208_401704915.json",TRUE,TRUE,NA
401704916,TRUE,"data/raw/2025/summary_2025_20241208_401704916.json",TRUE,TRUE,NA
401704917,TRUE,"data/raw/2025/summary_2025_20241208_401704917.json",TRUE,TRUE,NA
401704918,TRUE,"data/raw/2025/summary_2025_20241208_401704918.json",TRUE,TRUE,NA
401704919,TRUE,"data/raw/2025/summary_2025_20241209_401704919.json",TRUE,TRUE,NA
401704920,TRUE,"data/raw/2025/summary_2025_20241209_401704920.json",TRUE,TRUE,NA
401704921,TRUE,"data/raw/2025/summary_2025_20241209_401704921.json",TRUE,TRUE,NA
401704922,TRUE,"data/raw/2025/summary_2025_20241209_401704922.json",TRUE,TRUE,NA
401704923,TRUE,"data/raw/2025/summary_2025_20241209_401704923.json",TRUE,TRUE,NA
401704924,TRUE,"data/raw/2025/summary_2025_20241209_401704924.json",TRUE,TRUE,NA
401704925,TRUE,"data/raw/2025/summary_2025_20241210_401704925.json",TRUE,TRUE,NA
401734902,TRUE,"data/raw/2025/summary_2025_20241211_401734902.json",TRUE,TRUE,NA
401734903,TRUE,"data/raw/2025/summary_2025_20241211_401734903.json",TRUE,TRUE,NA
401734904,TRUE,"data/raw/2025/summary_2025_20241212_401734904.json",TRUE,TRUE,NA
401734905,TRUE,"data/raw/2025/summary_2025_20241212_401734905.json",TRUE,TRUE,NA
401736799,TRUE,"data/raw/2025/summary_2025_20241213_401736799.json",TRUE,TRUE,NA
401736800,TRUE,"data/raw/2025/summary_2025_20241213_401736800.json",TRUE,TRUE,NA
401736801,TRUE,"data/raw/2025/summary_2025_20241213_401736801.json",TRUE,TRUE,NA
401736802,TRUE,"data/raw/2025/summary_2025_20241214_401736802.json",TRUE,TRUE,NA
401736803,TRUE,"data/raw/2025/summary_2025_20241214_401736803.json",TRUE,TRUE,NA
401736804,TRUE,"data/raw/2025/summary_2025_20241214_401736804.json",TRUE,TRUE,NA
401736805,TRUE,"data/raw/2025/summary_2025_20241214_401736805.json",TRUE,TRUE,NA
401736806,TRUE,"data/raw/2025/summary_2025_20241214_401736806.json",TRUE,TRUE,NA
401736807,TRUE,"data/raw/2025/summary_2025_20241214_401736807.json",TRUE,TRUE,NA
401736808,TRUE,"data/raw/2025/summary_2025_20241214_401736808.json",TRUE,TRUE,NA
401736809,TRUE,"data/raw/2025/summary_2025_20241214_401736809.json",TRUE,TRUE,NA
401734906,TRUE,"data/raw/2025/summary_2025_20241214_401734906.json",TRUE,TRUE,NA
401734907,TRUE,"data/raw/2025/summary_2025_20241215_401734907.json",TRUE,TRUE,NA
401736810,TRUE,"data/raw/2025/summary_2025_20241215_401736810.json",TRUE,TRUE,NA
401736811,TRUE,"data/raw/2025/summary_2025_20241215_401736811.json",TRUE,TRUE,NA
401737902,TRUE,"data/raw/2025/summary_2025_20241215_401737902.json",TRUE,TRUE,NA
401736812,TRUE,"data/raw/2025/summary_2025_20241216_401736812.json",TRUE,TRUE,NA
401736813,TRUE,"data/raw/2025/summary_2025_20241216_401736813.json",TRUE,TRUE,NA
401737912,TRUE,"data/raw/2025/summary_2025_20241216_401737912.json",TRUE,TRUE,NA
401736814,TRUE,"data/raw/2025/summary_2025_20241216_401736814.json",TRUE,TRUE,NA
401736815,TRUE,"data/raw/2025/summary_2025_20241217_401736815.json",TRUE,TRUE,NA
401736816,TRUE,"data/raw/2025/summary_2025_20241217_401736816.json",TRUE,TRUE,NA
401736817,TRUE,"data/raw/2025/summary_2025_20241217_401736817.json",TRUE,TRUE,NA
401736818,TRUE,"data/raw/2025/summary_2025_20241217_401736818.json",TRUE,TRUE,NA
401736819,TRUE,"data/raw/2025/summary_2025_20241217_401736819.json",TRUE,TRUE,NA
401736820,TRUE,"data/raw/2025/summary_2025_20241217_401736820.json",TRUE,TRUE,NA
401734908,TRUE,"data/raw/2025/summary_2025_20241218_401734908.json",TRUE,TRUE,NA
401704926,TRUE,"data/raw/2025/summary_2025_20241220_401704926.json",TRUE,TRUE,NA
401704927,TRUE,"data/raw/2025/summary_2025_20241220_401704927.json",TRUE,TRUE,NA
401704928,TRUE,"data/raw/2025/summary_2025_20241220_401704928.json",TRUE,TRUE,NA
401704929,TRUE,"data/raw/2025/summary_2025_20241220_401704929.json",TRUE,TRUE,NA
401704930,TRUE,"data/raw/2025/summary_2025_20241220_401704930.json",TRUE,TRUE,NA
401704931,TRUE,"data/raw/2025/summary_2025_20241220_401704931.json",TRUE,TRUE,NA
401704932,TRUE,"data/raw/2025/summary_2025_20241220_401704932.json",TRUE,TRUE,NA
401704936,TRUE,"data/raw/2025/summary_2025_20241220_401704936.json",TRUE,TRUE,NA
401704934,TRUE,"data/raw/2025/summary_2025_20241220_401704934.json",TRUE,TRUE,NA
401704935,TRUE,"data/raw/2025/summary_2025_20241220_401704935.json",TRUE,TRUE,NA
401704933,TRUE,"data/raw/2025/summary_2025_20241220_401704933.json",TRUE,TRUE,NA
401704937,TRUE,"data/raw/2025/summary_2025_20241220_401704937.json",TRUE,TRUE,NA
401704938,TRUE,"data/raw/2025/summary_2025_20241220_401704938.json",TRUE,TRUE,NA
401704939,TRUE,"data/raw/2025/summary_2025_20241221_401704939.json",TRUE,TRUE,NA
401704940,TRUE,"data/raw/2025/summary_2025_20241221_401704940.json",TRUE,TRUE,NA
401704941,TRUE,"data/raw/2025/summary_2025_20241221_401704941.json",TRUE,TRUE,NA
401704942,TRUE,"data/raw/2025/summary_2025_20241221_401704942.json",TRUE,TRUE,NA
401704943,TRUE,"data/raw/2025/summary_2025_20241222_401704943.json",TRUE,TRUE,NA
401704944,TRUE,"data/raw/2025/summary_2025_20241222_401704944.json",TRUE,TRUE,NA
401704945,TRUE,"data/raw/2025/summary_2025_20241222_401704945.json",TRUE,TRUE,NA
401704946,TRUE,"data/raw/2025/summary_2025_20241222_401704946.json",TRUE,TRUE,NA
401704947,TRUE,"data/raw/2025/summary_2025_20241222_401704947.json",TRUE,TRUE,NA
401704948,TRUE,"data/raw/2025/summary_2025_20241222_401704948.json",TRUE,TRUE,NA
401704949,TRUE,"data/raw/2025/summary_2025_20241222_401704949.json",TRUE,TRUE,NA
401704950,TRUE,"data/raw/2025/summary_2025_20241222_401704950.json",TRUE,TRUE,NA
401704951,TRUE,"data/raw/2025/summary_2025_20241222_401704951.json",TRUE,TRUE,NA
401704952,TRUE,"data/raw/2025/summary_2025_20241222_401704952.json",TRUE,TRUE,NA
401704953,TRUE,"data/raw/2025/summary_2025_20241222_401704953.json",TRUE,TRUE,NA
401704954,TRUE,"data/raw/2025/summary_2025_20241222_401704954.json",TRUE,TRUE,NA
401704955,TRUE,"data/raw/2025/summary_2025_20241222_401704955.json",TRUE,TRUE,NA
401704956,TRUE,"data/raw/2025/summary_2025_20241223_401704956.json",TRUE,TRUE,NA
401704957,TRUE,"data/raw/2025/summary_2025_20241224_401704957.json",TRUE,TRUE,NA
401704958,TRUE,"data/raw/2025/summary_2025_20241224_401704958.json",TRUE,TRUE,NA
401704959,TRUE,"data/raw/2025/summary_2025_20241224_401704959.json",TRUE,TRUE,NA
401704960,TRUE,"data/raw/2025/summary_2025_20241224_401704960.json",TRUE,TRUE,NA
401704961,TRUE,"data/raw/2025/summary_2025_20241224_401704961.json",TRUE,TRUE,NA
401704962,TRUE,"data/raw/2025/summary_2025_20241224_401704962.json",TRUE,TRUE,NA
401704963,TRUE,"data/raw/2025/summary_2025_20241224_401704963.json",TRUE,TRUE,NA
401704964,TRUE,"data/raw/2025/summary_2025_20241224_401704964.json",TRUE,TRUE,NA
401704965,TRUE,"data/raw/2025/summary_2025_20241224_401704965.json",TRUE,TRUE,NA
401704966,TRUE,"data/raw/2025/summary_2025_20241224_401704966.json",TRUE,TRUE,NA
401704967,TRUE,"data/raw/2025/summary_2025_20241224_401704967.json",TRUE,TRUE,NA
401704968,TRUE,"data/raw/2025/summary_2025_20241224_401704968.json",TRUE,TRUE,NA
401704969,TRUE,"data/raw/2025/summary_2025_20241224_401704969.json",TRUE,TRUE,NA
401704970,TRUE,"data/raw/2025/summary_2025_20241224_401704970.json",TRUE,TRUE,NA
401704971,TRUE,"data/raw/2025/summary_2025_20241225_401704971.json",TRUE,TRUE,NA
401704972,TRUE,"data/raw/2025/summary_2025_20241225_401704972.json",TRUE,TRUE,NA
401704973,TRUE,"data/raw/2025/summary_2025_20241225_401704973.json",TRUE,TRUE,NA
401704974,TRUE,"data/raw/2025/summary_2025_20241226_401704974.json",TRUE,TRUE,NA
401704975,TRUE,"data/raw/2025/summary_2025_20241226_401704975.json",TRUE,TRUE,NA
401704976,TRUE,"data/raw/2025/summary_2025_20241227_401704976.json",TRUE,TRUE,NA
401704977,TRUE,"data/raw/2025/summary_2025_20241227_401704977.json",TRUE,TRUE,NA
401704978,TRUE,"data/raw/2025/summary_2025_20241227_401704978.json",TRUE,TRUE,NA
401704979,TRUE,"data/raw/2025/summary_2025_20241227_401704979.json",TRUE,TRUE,NA
401704980,TRUE,"data/raw/2025/summary_2025_20241227_401704980.json",TRUE,TRUE,NA
401704981,TRUE,"data/raw/2025/summary_2025_20241227_401704981.json",TRUE,TRUE,NA
401704982,TRUE,"data/raw/2025/summary_2025_20241227_401704982.json",TRUE,TRUE,NA
401704983,TRUE,"data/raw/2025/summary_2025_20241227_401704983.json",TRUE,TRUE,NA
401704984,TRUE,"data/raw/2025/summary_2025_20241227_401704984.json",TRUE,TRUE,NA
401704985,TRUE,"data/raw/2025/summary_2025_20241228_401704985.json",TRUE,TRUE,NA
401704986,TRUE,"data/raw/2025/summary_2025_20241228_401704986.json",TRUE,TRUE,NA
401704987,TRUE,"data/raw/2025/summary_2025_20241228_401704987.json",TRUE,TRUE,NA
401704988,TRUE,"data/raw/2025/summary_2025_20241228_401704988.json",TRUE,TRUE,NA
401704989,TRUE,"data/raw/2025/summary_2025_20241228_401704989.json",TRUE,TRUE,NA
401704990,TRUE,"data/raw/2025/summary_2025_20241228_401704990.json",TRUE,TRUE,NA
401704991,TRUE,"data/raw/2025/summary_2025_20241228_401704991.json",TRUE,TRUE,NA
401704992,TRUE,"data/raw/2025/summary_2025_20241228_401704992.json",TRUE,TRUE,NA
401704993,TRUE,"data/raw/2025/summary_2025_20241228_401704993.json",TRUE,TRUE,NA
401704994,TRUE,"data/raw/2025/summary_2025_20241228_401704994.json",TRUE,TRUE,NA
401704995,TRUE,"data/raw/2025/summary_2025_20241229_401704995.json",TRUE,TRUE,NA
401704996,TRUE,"data/raw/2025/summary_2025_20241229_401704996.json",TRUE,TRUE,NA
401704997,TRUE,"data/raw/2025/summary_2025_20241229_401704997.json",TRUE,TRUE,NA
401704998,TRUE,"data/raw/2025/summary_2025_20241229_401704998.json",TRUE,TRUE,NA
401704999,TRUE,"data/raw/2025/summary_2025_20241229_401704999.json",TRUE,TRUE,NA
401705000,TRUE,"data/raw/2025/summary_2025_20241229_401705000.json",TRUE,TRUE,NA
401705001,TRUE,"data/raw/2025/summary_2025_20241229_401705001.json",TRUE,TRUE,NA
401705002,TRUE,"data/raw/2025/summary_2025_20241229_401705002.json",TRUE,TRUE,NA
401705003,TRUE,"data/raw/2025/summary_2025_20241229_401705003.json",TRUE,TRUE,NA
401705004,TRUE,"data/raw/2025/summary_2025_20241229_401705004.json",TRUE,TRUE,NA
401705005,TRUE,"data/raw/2025/summary_2025_20241230_401705005.json",TRUE,TRUE,NA
401705006,TRUE,"data/raw/2025/summary_2025_20241230_401705006.json",TRUE,TRUE,NA
401705007,TRUE,"data/raw/2025/summary_2025_20241230_401705007.json",TRUE,TRUE,NA
401705008,TRUE,"data/raw/2025/summary_2025_20241231_401705008.json",TRUE,TRUE,NA
401705009,TRUE,"data/raw/2025/summary_2025_20241231_401705009.json",TRUE,TRUE,NA
401705010,TRUE,"data/raw/2025/summary_2025_20241231_401705010.json",TRUE,TRUE,NA
401705011,TRUE,"data/raw/2025/summary_2025_20241231_401705011.json",TRUE,TRUE,NA
401705012,TRUE,"data/raw/2025/summary_2025_20241231_401705012.json",TRUE,TRUE,NA
401705013,TRUE,"data/raw/2025/summary_2025_20241231_401705013.json",TRUE,TRUE,NA
401705014,TRUE,"data/raw/2025/summary_2025_20241231_401705014.json",TRUE,TRUE,NA
401705015,TRUE,"data/raw/2025/summary_2025_20241231_401705015.json",TRUE,TRUE,NA
401705016,TRUE,"data/raw/2025/summary_2025_20241231_401705016.json",TRUE,TRUE,NA
401705017,TRUE,"data/raw/2025/summary_2025_20250101_401705017.json",TRUE,TRUE,NA
401705018,TRUE,"data/raw/2025/summary_2025_20250101_401705018.json",TRUE,TRUE,NA
401705019,TRUE,"data/raw/2025/summary_2025_20250101_401705019.json",TRUE,TRUE,NA
401705020,TRUE,"data/raw/2025/summary_2025_20250101_401705020.json",TRUE,TRUE,NA
401705021,TRUE,"data/raw/2025/summary_2025_20250102_401705021.json",TRUE,TRUE,NA
401705022,TRUE,"data/raw/2025/summary_2025_20250102_401705022.json",TRUE,TRUE,NA
401705023,TRUE,"data/raw/2025/summary_2025_20250102_401705023.json",TRUE,TRUE,NA
401705024,TRUE,"data/raw/2025/summary_2025_20250102_401705024.json",TRUE,TRUE,NA
401705025,TRUE,"data/raw/2025/summary_2025_20250102_401705025.json",TRUE,TRUE,NA
401705026,TRUE,"data/raw/2025/summary_2025_20250102_401705026.json",TRUE,TRUE,NA
401705027,TRUE,"data/raw/2025/summary_2025_20250102_401705027.json",TRUE,TRUE,NA
401705028,TRUE,"data/raw/2025/summary_2025_20250102_401705028.json",TRUE,TRUE,NA
401705029,TRUE,"data/raw/2025/summary_2025_20250103_401705029.json",TRUE,TRUE,NA
401705030,TRUE,"data/raw/2025/summary_2025_20250103_401705030.json",TRUE,TRUE,NA
401705031,TRUE,"data/raw/2025/summary_2025_20250103_401705031.json",TRUE,TRUE,NA
401705032,TRUE,"data/raw/2025/summary_2025_20250103_401705032.json",TRUE,TRUE,NA
401705033,TRUE,"data/raw/2025/summary_2025_20250103_401705033.json",TRUE,TRUE,NA
401705034,TRUE,"data/raw/2025/summary_2025_20250103_401705034.json",TRUE,TRUE,NA
401705035,TRUE,"data/raw/2025/summary_2025_20250104_401705035.json",TRUE,TRUE,NA
401705036,TRUE,"data/raw/2025/summary_2025_20250104_401705036.json",TRUE,TRUE,NA
401705037,TRUE,"data/raw/2025/summary_2025_20250104_401705037.json",TRUE,TRUE,NA
401705038,TRUE,"data/raw/2025/summary_2025_20250104_401705038.json",TRUE,TRUE,NA
401705039,TRUE,"data/raw/2025/summary_2025_20250104_401705039.json",TRUE,TRUE,NA
401705040,TRUE,"data/raw/2025/summary_2025_20250104_401705040.json",TRUE,TRUE,NA
401705041,TRUE,"data/raw/2025/summary_2025_20250104_401705041.json",TRUE,TRUE,NA
401705042,TRUE,"data/raw/2025/summary_2025_20250104_401705042.json",TRUE,TRUE,NA
401705043,TRUE,"data/raw/2025/summary_2025_20250104_401705043.json",TRUE,TRUE,NA
401705044,TRUE,"data/raw/2025/summary_2025_20250104_401705044.json",TRUE,TRUE,NA
401705045,TRUE,"data/raw/2025/summary_2025_20250105_401705045.json",TRUE,TRUE,NA
401705046,TRUE,"data/raw/2025/summary_2025_20250105_401705046.json",TRUE,TRUE,NA
401705047,TRUE,"data/raw/2025/summary_2025_20250105_401705047.json",TRUE,TRUE,NA
401705048,TRUE,"data/raw/2025/summary_2025_20250105_401705048.json",TRUE,TRUE,NA
401705049,TRUE,"data/raw/2025/summary_2025_20250105_401705049.json",TRUE,TRUE,NA
401705050,TRUE,"data/raw/2025/summary_2025_20250105_401705050.json",TRUE,TRUE,NA
401705051,TRUE,"data/raw/2025/summary_2025_20250105_401705051.json",TRUE,TRUE,NA
401705052,TRUE,"data/raw/2025/summary_2025_20250105_401705052.json",TRUE,TRUE,NA
401705053,TRUE,"data/raw/2025/summary_2025_20250105_401705053.json",TRUE,TRUE,NA
401705054,TRUE,"data/raw/2025/summary_2025_20250105_401705054.json",TRUE,TRUE,NA
401705055,TRUE,"data/raw/2025/summary_2025_20250105_401705055.json",TRUE,TRUE,NA
401705056,TRUE,"data/raw/2025/summary_2025_20250105_401705056.json",TRUE,TRUE,NA
401705057,TRUE,"data/raw/2025/summary_2025_20250106_401705057.json",TRUE,TRUE,NA
401705058,TRUE,"data/raw/2025/summary_2025_20250106_401705058.json",TRUE,TRUE,NA
401705059,TRUE,"data/raw/2025/summary_2025_20250107_401705059.json",TRUE,TRUE,NA
401705060,TRUE,"data/raw/2025/summary_2025_20250107_401705060.json",TRUE,TRUE,NA
401705061,TRUE,"data/raw/2025/summary_2025_20250107_401705061.json",TRUE,TRUE,NA
401705062,TRUE,"data/raw/2025/summary_2025_20250107_401705062.json",TRUE,TRUE,NA
401705063,TRUE,"data/raw/2025/summary_2025_20250107_401705063.json",TRUE,TRUE,NA
401705064,TRUE,"data/raw/2025/summary_2025_20250107_401705064.json",TRUE,TRUE,NA
401705065,TRUE,"data/raw/2025/summary_2025_20250107_401705065.json",TRUE,TRUE,NA
401705066,TRUE,"data/raw/2025/summary_2025_20250107_401705066.json",TRUE,TRUE,NA
401705067,TRUE,"data/raw/2025/summary_2025_20250107_401705067.json",TRUE,TRUE,NA
401705068,TRUE,"data/raw/2025/summary_2025_20250108_401705068.json",TRUE,TRUE,NA
401705069,TRUE,"data/raw/2025/summary_2025_20250108_401705069.json",TRUE,TRUE,NA
401705070,TRUE,"data/raw/2025/summary_2025_20250108_401705070.json",TRUE,TRUE,NA
401705071,TRUE,"data/raw/2025/summary_2025_20250108_401705071.json",TRUE,TRUE,NA
401705072,TRUE,"data/raw/2025/summary_2025_20250108_401705072.json",TRUE,TRUE,NA
401705073,TRUE,"data/raw/2025/summary_2025_20250108_401705073.json",TRUE,TRUE,NA
401705074,TRUE,"data/raw/2025/summary_2025_20250108_401705074.json",TRUE,TRUE,NA
401705075,TRUE,"data/raw/2025/summary_2025_20250109_401705075.json",TRUE,TRUE,NA
401705076,TRUE,"data/raw/2025/summary_2025_20250109_401705076.json",TRUE,TRUE,NA
401705078,TRUE,"data/raw/2025/summary_2025_20250109_401705078.json",TRUE,TRUE,NA
401705077,TRUE,"data/raw/2025/summary_2025_20250109_401705077.json",TRUE,TRUE,NA
401705079,TRUE,"data/raw/2025/summary_2025_20250109_401705079.json",TRUE,TRUE,NA
401705080,TRUE,"data/raw/2025/summary_2025_20250109_401705080.json",TRUE,TRUE,NA
401705081,TRUE,"data/raw/2025/summary_2025_20250109_401705081.json",TRUE,TRUE,NA
401705082,TRUE,"data/raw/2025/summary_2025_20250109_401705082.json",TRUE,TRUE,NA
401705083,TRUE,"data/raw/2025/summary_2025_20250110_401705083.json",TRUE,TRUE,NA
401705084,TRUE,"data/raw/2025/summary_2025_20250110_401705084.json",TRUE,TRUE,NA
401705085,TRUE,"data/raw/2025/summary_2025_20250110_401705085.json",TRUE,TRUE,NA
401705087,TRUE,"data/raw/2025/summary_2025_20250110_401705087.json",TRUE,TRUE,NA
401705086,TRUE,"data/raw/2025/summary_2025_20250110_401705086.json",TRUE,TRUE,NA
401705088,TRUE,"data/raw/2025/summary_2025_20250110_401705088.json",TRUE,TRUE,NA
401705089,TRUE,"data/raw/2025/summary_2025_20250110_401705089.json",TRUE,TRUE,NA
401705090,TRUE,"data/raw/2025/summary_2025_20250110_401705090.json",TRUE,FALSE,NA
401705091,TRUE,"data/raw/2025/summary_2025_20250111_401705091.json",TRUE,TRUE,NA
401705092,TRUE,"data/raw/2025/summary_2025_20250111_401705092.json",TRUE,TRUE,NA
401705093,TRUE,"data/raw/2025/summary_2025_20250111_401705093.json",TRUE,TRUE,NA
401705094,TRUE,"data/raw/2025/summary_2025_20250111_401705094.json",TRUE,TRUE,NA
401705095,TRUE,"data/raw/2025/summary_2025_20250111_401705095.json",TRUE,TRUE,NA
401705096,TRUE,"data/raw/2025/summary_2025_20250111_401705096.json",TRUE,TRUE,NA
401705097,TRUE,"data/raw/2025/summary_2025_20250111_401705097.json",TRUE,TRUE,NA
401705098,TRUE,"data/raw/2025/summary_2025_20250111_401705098.json",TRUE,FALSE,NA
401705099,TRUE,"data/raw/2025/summary_2025_20250111_401705099.json",TRUE,TRUE,NA
401705100,TRUE,"data/raw/2025/summary_2025_20250112_401705100.json",TRUE,TRUE,NA
401705101,TRUE,"data/raw/2025/summary_2025_20250112_401705101.json",TRUE,TRUE,NA
401705102,TRUE,"data/raw/2025/summary_2025_20250112_401705102.json",TRUE,TRUE,NA
401705103,TRUE,"data/raw/2025/summary_2025_20250112_401705103.json",TRUE,FALSE,NA
401705104,TRUE,"data/raw/2025/summary_2025_20250112_401705104.json",TRUE,FALSE,NA
401705105,TRUE,"data/raw/2025/summary_2025_20250112_401705105.json",TRUE,TRUE,NA
401705106,TRUE,"data/raw/2025/summary_2025_20250112_401705106.json",TRUE,TRUE,NA
401705107,TRUE,"data/raw/2025/summary_2025_20250112_401705107.json",TRUE,TRUE,NA
401705108,TRUE,"data/raw/2025/summary_2025_20250112_401705108.json",TRUE,TRUE,NA
401705109,TRUE,"data/raw/2025/summary_2025_20250112_401705109.json",TRUE,TRUE,NA
401705110,TRUE,"data/raw/2025/summary_2025_20250112_401705110.json",TRUE,TRUE,NA
401705111,TRUE,"data/raw/2025/summary_2025_20250112_401705111.json",TRUE,TRUE,NA
401705112,TRUE,"data/raw/2025/summary_2025_20250113_401705112.json",TRUE,TRUE,NA
401705113,TRUE,"data/raw/2025/summary_2025_20250113_401705113.json",TRUE,TRUE,NA
401705114,TRUE,"data/raw/2025/summary_2025_20250114_401705114.json",TRUE,TRUE,NA
401705115,TRUE,"data/raw/2025/summary_2025_20250114_401705115.json",TRUE,TRUE,NA
401705116,TRUE,"data/raw/2025/summary_2025_20250114_401705116.json",TRUE,TRUE,NA
401705117,TRUE,"data/raw/2025/summary_2025_20250114_401705117.json",TRUE,TRUE,NA
401705118,TRUE,"data/raw/2025/summary_2025_20250114_401705118.json",TRUE,TRUE,NA
401705119,TRUE,"data/raw/2025/summary_2025_20250114_401705119.json",TRUE,TRUE,NA
401705120,TRUE,"data/raw/2025/summary_2025_20250115_401705120.json",TRUE,TRUE,NA
401705121,TRUE,"data/raw/2025/summary_2025_20250115_401705121.json",TRUE,TRUE,NA
401705122,TRUE,"data/raw/2025/summary_2025_20250115_401705122.json",TRUE,TRUE,NA
401705123,TRUE,"data/raw/2025/summary_2025_20250115_401705123.json",TRUE,TRUE,NA
401705124,TRUE,"data/raw/2025/summary_2025_20250115_401705124.json",TRUE,TRUE,NA
401705125,TRUE,"data/raw/2025/summary_2025_20250115_401705125.json",TRUE,TRUE,NA
401705126,TRUE,"data/raw/2025/summary_2025_20250115_401705126.json",TRUE,TRUE,NA
401705127,TRUE,"data/raw/2025/summary_2025_20250116_401705127.json",TRUE,TRUE,NA
401705128,TRUE,"data/raw/2025/summary_2025_20250116_401705128.json",TRUE,TRUE,NA
401705129,TRUE,"data/raw/2025/summary_2025_20250116_401705129.json",TRUE,TRUE,NA
401705130,TRUE,"data/raw/2025/summary_2025_20250116_401705130.json",TRUE,TRUE,NA
401705132,TRUE,"data/raw/2025/summary_2025_20250116_401705132.json",TRUE,TRUE,NA
401705133,TRUE,"data/raw/2025/summary_2025_20250116_401705133.json",TRUE,TRUE,NA
401705134,TRUE,"data/raw/2025/summary_2025_20250116_401705134.json",TRUE,TRUE,NA
401705135,TRUE,"data/raw/2025/summary_2025_20250116_401705135.json",TRUE,TRUE,NA
401705131,TRUE,"data/raw/2025/summary_2025_20250116_401705131.json",TRUE,TRUE,NA
401705136,TRUE,"data/raw/2025/summary_2025_20250116_401705136.json",TRUE,TRUE,NA
401705137,TRUE,"data/raw/2025/summary_2025_20250116_401705137.json",TRUE,TRUE,NA
401705138,TRUE,"data/raw/2025/summary_2025_20250117_401705138.json",TRUE,TRUE,NA
401705139,TRUE,"data/raw/2025/summary_2025_20250117_401705139.json",TRUE,TRUE,NA
401705140,TRUE,"data/raw/2025/summary_2025_20250117_401705140.json",TRUE,TRUE,NA
401705141,TRUE,"data/raw/2025/summary_2025_20250117_401705141.json",TRUE,TRUE,NA
401705142,TRUE,"data/raw/2025/summary_2025_20250117_401705142.json",TRUE,TRUE,NA
401705143,TRUE,"data/raw/2025/summary_2025_20250118_401705143.json",TRUE,TRUE,NA
401705144,TRUE,"data/raw/2025/summary_2025_20250118_401705144.json",TRUE,TRUE,NA
401705145,TRUE,"data/raw/2025/summary_2025_20250118_401705145.json",TRUE,TRUE,NA
401705146,TRUE,"data/raw/2025/summary_2025_20250118_401705146.json",TRUE,TRUE,NA
401705147,TRUE,"data/raw/2025/summary_2025_20250118_401705147.json",TRUE,TRUE,NA
401705150,TRUE,"data/raw/2025/summary_2025_20250118_401705150.json",TRUE,TRUE,NA
401705149,TRUE,"data/raw/2025/summary_2025_20250118_401705149.json",TRUE,TRUE,NA
401705148,TRUE,"data/raw/2025/summary_2025_20250118_401705148.json",TRUE,TRUE,NA
401705151,TRUE,"data/raw/2025/summary_2025_20250118_401705151.json",TRUE,TRUE,NA
401705152,TRUE,"data/raw/2025/summary_2025_20250118_401705152.json",TRUE,TRUE,NA
401705153,TRUE,"data/raw/2025/summary_2025_20250119_401705153.json",TRUE,TRUE,NA
401705154,TRUE,"data/raw/2025/summary_2025_20250119_401705154.json",TRUE,TRUE,NA
401705155,TRUE,"data/raw/2025/summary_2025_20250119_401705155.json",TRUE,TRUE,NA
401705156,TRUE,"data/raw/2025/summary_2025_20250119_401705156.json",TRUE,TRUE,NA
401705157,TRUE,"data/raw/2025/summary_2025_20250119_401705157.json",TRUE,TRUE,NA
401705158,TRUE,"data/raw/2025/summary_2025_20250119_401705158.json",TRUE,TRUE,NA
401705159,TRUE,"data/raw/2025/summary_2025_20250119_401705159.json",TRUE,TRUE,NA
401705160,TRUE,"data/raw/2025/summary_2025_20250120_401705160.json",TRUE,TRUE,NA
401705161,TRUE,"data/raw/2025/summary_2025_20250120_401705161.json",TRUE,TRUE,NA
401705162,TRUE,"data/raw/2025/summary_2025_20250120_401705162.json",TRUE,TRUE,NA
401705163,TRUE,"data/raw/2025/summary_2025_20250120_401705163.json",TRUE,TRUE,NA
401705164,TRUE,"data/raw/2025/summary_2025_20250120_401705164.json",TRUE,TRUE,NA
401705165,TRUE,"data/raw/2025/summary_2025_20250120_401705165.json",TRUE,TRUE,NA
401705166,TRUE,"data/raw/2025/summary_2025_20250120_401705166.json",TRUE,TRUE,NA
401705167,TRUE,"data/raw/2025/summary_2025_20250120_401705167.json",TRUE,TRUE,NA
401705168,TRUE,"data/raw/2025/summary_2025_20250120_401705168.json",TRUE,TRUE,NA
401705169,TRUE,"data/raw/2025/summary_2025_20250120_401705169.json",TRUE,TRUE,NA
401705170,TRUE,"data/raw/2025/summary_2025_20250120_401705170.json",TRUE,TRUE,NA
401705171,TRUE,"data/raw/2025/summary_2025_20250121_401705171.json",TRUE,TRUE,NA
401705177,TRUE,"data/raw/2025/summary_2025_20250121_401705177.json",TRUE,TRUE,NA
401705172,TRUE,"data/raw/2025/summary_2025_20250122_401705172.json",TRUE,TRUE,NA
401705173,TRUE,"data/raw/2025/summary_2025_20250122_401705173.json",TRUE,TRUE,NA
401705174,TRUE,"data/raw/2025/summary_2025_20250122_401705174.json",TRUE,TRUE,NA
401705175,TRUE,"data/raw/2025/summary_2025_20250122_401705175.json",TRUE,TRUE,NA
401705176,TRUE,"data/raw/2025/summary_2025_20250122_401705176.json",TRUE,TRUE,NA
401705178,TRUE,"data/raw/2025/summary_2025_20250123_401705178.json",TRUE,TRUE,NA
401705179,TRUE,"data/raw/2025/summary_2025_20250123_401705179.json",TRUE,TRUE,NA
401705180,TRUE,"data/raw/2025/summary_2025_20250123_401705180.json",TRUE,TRUE,NA
401705181,TRUE,"data/raw/2025/summary_2025_20250123_401705181.json",TRUE,TRUE,NA
401705182,TRUE,"data/raw/2025/summary_2025_20250123_401705182.json",TRUE,TRUE,NA
401705183,TRUE,"data/raw/2025/summary_2025_20250123_401705183.json",TRUE,FALSE,NA
401705184,TRUE,"data/raw/2025/summary_2025_20250123_401705184.json",TRUE,TRUE,NA
401705185,TRUE,"data/raw/2025/summary_2025_20250123_401705185.json",TRUE,TRUE,NA
401705186,TRUE,"data/raw/2025/summary_2025_20250123_401705186.json",TRUE,TRUE,NA
401705187,TRUE,"data/raw/2025/summary_2025_20250123_401705187.json",TRUE,TRUE,NA
401705188,TRUE,"data/raw/2025/summary_2025_20250124_401705188.json",TRUE,TRUE,NA
401705189,TRUE,"data/raw/2025/summary_2025_20250124_401705189.json",TRUE,TRUE,NA
401705191,TRUE,"data/raw/2025/summary_2025_20250124_401705191.json",TRUE,TRUE,NA
401705190,TRUE,"data/raw/2025/summary_2025_20250124_401705190.json",TRUE,TRUE,NA
401705192,TRUE,"data/raw/2025/summary_2025_20250124_401705192.json",TRUE,TRUE,NA
401705194,TRUE,"data/raw/2025/summary_2025_20250124_401705194.json",TRUE,TRUE,NA
401705195,TRUE,"data/raw/2025/summary_2025_20250124_401705195.json",TRUE,TRUE,NA
401705549,TRUE,"data/raw/2025/summary_2025_20250124_401705549.json",TRUE,TRUE,NA
401705196,TRUE,"data/raw/2025/summary_2025_20250125_401705196.json",TRUE,TRUE,NA
401705197,TRUE,"data/raw/2025/summary_2025_20250125_401705197.json",TRUE,TRUE,NA
401705198,TRUE,"data/raw/2025/summary_2025_20250125_401705198.json",TRUE,TRUE,NA
401705199,TRUE,"data/raw/2025/summary_2025_20250125_401705199.json",TRUE,TRUE,NA
401705200,TRUE,"data/raw/2025/summary_2025_20250125_401705200.json",TRUE,TRUE,NA
401705201,TRUE,"data/raw/2025/summary_2025_20250125_401705201.json",TRUE,TRUE,NA
401705202,TRUE,"data/raw/2025/summary_2025_20250125_401705202.json",TRUE,TRUE,NA
401705203,TRUE,"data/raw/2025/summary_2025_20250126_401705203.json",TRUE,TRUE,NA
401705204,TRUE,"data/raw/2025/summary_2025_20250126_401705204.json",TRUE,TRUE,NA
401705205,TRUE,"data/raw/2025/summary_2025_20250126_401705205.json",TRUE,TRUE,NA
401705206,TRUE,"data/raw/2025/summary_2025_20250126_401705206.json",TRUE,TRUE,NA
401705207,TRUE,"data/raw/2025/summary_2025_20250126_401705207.json",TRUE,TRUE,NA
401705208,TRUE,"data/raw/2025/summary_2025_20250126_401705208.json",TRUE,TRUE,NA
401705209,TRUE,"data/raw/2025/summary_2025_20250126_401705209.json",TRUE,TRUE,NA
401705210,TRUE,"data/raw/2025/summary_2025_20250126_401705210.json",TRUE,TRUE,NA
401705211,TRUE,"data/raw/2025/summary_2025_20250126_401705211.json",TRUE,TRUE,NA
401705212,TRUE,"data/raw/2025/summary_2025_20250126_401705212.json",TRUE,TRUE,NA
401705213,TRUE,"data/raw/2025/summary_2025_20250126_401705213.json",TRUE,TRUE,NA
401705214,TRUE,"data/raw/2025/summary_2025_20250128_401705214.json",TRUE,TRUE,NA
401705215,TRUE,"data/raw/2025/summary_2025_20250128_401705215.json",TRUE,TRUE,NA
401705216,TRUE,"data/raw/2025/summary_2025_20250128_401705216.json",TRUE,TRUE,NA
401705217,TRUE,"data/raw/2025/summary_2025_20250128_401705217.json",TRUE,TRUE,NA
401705218,TRUE,"data/raw/2025/summary_2025_20250128_401705218.json",TRUE,TRUE,NA
401705219,TRUE,"data/raw/2025/summary_2025_20250128_401705219.json",TRUE,TRUE,NA
401705220,TRUE,"data/raw/2025/summary_2025_20250128_401705220.json",TRUE,TRUE,NA
401705221,TRUE,"data/raw/2025/summary_2025_20250128_401705221.json",TRUE,TRUE,NA
401705222,TRUE,"data/raw/2025/summary_2025_20250128_401705222.json",TRUE,TRUE,NA
401705223,TRUE,"data/raw/2025/summary_2025_20250128_401705223.json",TRUE,TRUE,NA
401705224,TRUE,"data/raw/2025/summary_2025_20250128_401705224.json",TRUE,TRUE,NA
401705225,TRUE,"data/raw/2025/summary_2025_20250128_401705225.json",TRUE,TRUE,NA
401705226,TRUE,"data/raw/2025/summary_2025_20250129_401705226.json",TRUE,TRUE,NA
401748705,TRUE,"data/raw/2025/summary_2025_20250129_401748705.json",TRUE,TRUE,NA
401705227,TRUE,"data/raw/2025/summary_2025_20250129_401705227.json",TRUE,TRUE,NA
401705228,TRUE,"data/raw/2025/summary_2025_20250129_401705228.json",TRUE,TRUE,NA
401705229,TRUE,"data/raw/2025/summary_2025_20250130_401705229.json",TRUE,TRUE,NA
401705230,TRUE,"data/raw/2025/summary_2025_20250130_401705230.json",TRUE,TRUE,NA
401705231,TRUE,"data/raw/2025/summary_2025_20250130_401705231.json",TRUE,TRUE,NA
401705232,TRUE,"data/raw/2025/summary_2025_20250130_401705232.json",TRUE,TRUE,NA
401705233,TRUE,"data/raw/2025/summary_2025_20250130_401705233.json",TRUE,TRUE,NA
401705234,TRUE,"data/raw/2025/summary_2025_20250130_401705234.json",TRUE,TRUE,NA
401705235,TRUE,"data/raw/2025/summary_2025_20250130_401705235.json",TRUE,TRUE,NA
401705236,TRUE,"data/raw/2025/summary_2025_20250130_401705236.json",TRUE,TRUE,NA
401705237,TRUE,"data/raw/2025/summary_2025_20250130_401705237.json",TRUE,TRUE,NA
401705238,TRUE,"data/raw/2025/summary_2025_20250130_401705238.json",TRUE,TRUE,NA
401705239,TRUE,"data/raw/2025/summary_2025_20250130_401705239.json",TRUE,TRUE,NA
401705240,TRUE,"data/raw/2025/summary_2025_20250131_401705240.json",TRUE,TRUE,NA
401705241,TRUE,"data/raw/2025/summary_2025_20250131_401705241.json",TRUE,TRUE,NA
401705243,TRUE,"data/raw/2025/summary_2025_20250131_401705243.json",TRUE,TRUE,NA
401705242,TRUE,"data/raw/2025/summary_2025_20250131_401705242.json",TRUE,TRUE,NA
401705244,TRUE,"data/raw/2025/summary_2025_20250131_401705244.json",TRUE,TRUE,NA
401705245,TRUE,"data/raw/2025/summary_2025_20250201_401705245.json",TRUE,TRUE,NA
401705246,TRUE,"data/raw/2025/summary_2025_20250201_401705246.json",TRUE,TRUE,NA
401705247,TRUE,"data/raw/2025/summary_2025_20250201_401705247.json",TRUE,TRUE,NA
401705248,TRUE,"data/raw/2025/summary_2025_20250201_401705248.json",TRUE,TRUE,NA
401705249,TRUE,"data/raw/2025/summary_2025_20250201_401705249.json",TRUE,TRUE,NA
401705250,TRUE,"data/raw/2025/summary_2025_20250201_401705250.json",TRUE,TRUE,NA
401705251,TRUE,"data/raw/2025/summary_2025_20250201_401705251.json",TRUE,TRUE,NA
401705252,TRUE,"data/raw/2025/summary_2025_20250201_401705252.json",TRUE,TRUE,NA
401705253,TRUE,"data/raw/2025/summary_2025_20250201_401705253.json",TRUE,TRUE,NA
401705254,TRUE,"data/raw/2025/summary_2025_20250202_401705254.json",TRUE,TRUE,NA
401705255,TRUE,"data/raw/2025/summary_2025_20250202_401705255.json",TRUE,TRUE,NA
401705256,TRUE,"data/raw/2025/summary_2025_20250202_401705256.json",TRUE,TRUE,NA
401705257,TRUE,"data/raw/2025/summary_2025_20250202_401705257.json",TRUE,TRUE,NA
401705258,TRUE,"data/raw/2025/summary_2025_20250202_401705258.json",TRUE,TRUE,NA
401705259,TRUE,"data/raw/2025/summary_2025_20250202_401705259.json",TRUE,TRUE,NA
401705260,TRUE,"data/raw/2025/summary_2025_20250202_401705260.json",TRUE,TRUE,NA
401705261,TRUE,"data/raw/2025/summary_2025_20250202_401705261.json",TRUE,TRUE,NA
401705262,TRUE,"data/raw/2025/summary_2025_20250202_401705262.json",TRUE,TRUE,NA
401705263,TRUE,"data/raw/2025/summary_2025_20250202_401705263.json",TRUE,TRUE,NA
401705264,TRUE,"data/raw/2025/summary_2025_20250202_401705264.json",TRUE,TRUE,NA
401705265,TRUE,"data/raw/2025/summary_2025_20250203_401705265.json",TRUE,TRUE,NA
401705266,TRUE,"data/raw/2025/summary_2025_20250204_401705266.json",TRUE,TRUE,NA
401705267,TRUE,"data/raw/2025/summary_2025_20250204_401705267.json",TRUE,TRUE,NA
401705268,TRUE,"data/raw/2025/summary_2025_20250204_401705268.json",TRUE,TRUE,NA
401705270,TRUE,"data/raw/2025/summary_2025_20250204_401705270.json",TRUE,TRUE,NA
401705271,TRUE,"data/raw/2025/summary_2025_20250204_401705271.json",TRUE,TRUE,NA
401705269,TRUE,"data/raw/2025/summary_2025_20250204_401705269.json",TRUE,TRUE,NA
401705272,TRUE,"data/raw/2025/summary_2025_20250204_401705272.json",TRUE,TRUE,NA
401705273,TRUE,"data/raw/2025/summary_2025_20250204_401705273.json",TRUE,TRUE,NA
401705274,TRUE,"data/raw/2025/summary_2025_20250204_401705274.json",TRUE,TRUE,NA
401705275,TRUE,"data/raw/2025/summary_2025_20250204_401705275.json",TRUE,TRUE,NA
401705278,TRUE,"data/raw/2025/summary_2025_20250205_401705278.json",TRUE,TRUE,NA
401705276,TRUE,"data/raw/2025/summary_2025_20250205_401705276.json",TRUE,TRUE,NA
401705277,TRUE,"data/raw/2025/summary_2025_20250205_401705277.json",TRUE,TRUE,NA
401705279,TRUE,"data/raw/2025/summary_2025_20250205_401705279.json",TRUE,TRUE,NA
401705280,TRUE,"data/raw/2025/summary_2025_20250205_401705280.json",TRUE,TRUE,NA
401705281,TRUE,"data/raw/2025/summary_2025_20250205_401705281.json",TRUE,TRUE,NA
401705282,TRUE,"data/raw/2025/summary_2025_20250205_401705282.json",TRUE,TRUE,NA
401705283,TRUE,"data/raw/2025/summary_2025_20250206_401705283.json",TRUE,TRUE,NA
401705284,TRUE,"data/raw/2025/summary_2025_20250206_401705284.json",TRUE,TRUE,NA
401705285,TRUE,"data/raw/2025/summary_2025_20250206_401705285.json",TRUE,TRUE,NA
401705286,TRUE,"data/raw/2025/summary_2025_20250206_401705286.json",TRUE,TRUE,NA
401705287,TRUE,"data/raw/2025/summary_2025_20250206_401705287.json",TRUE,TRUE,NA
401705288,TRUE,"data/raw/2025/summary_2025_20250206_401705288.json",TRUE,TRUE,NA
401705289,TRUE,"data/raw/2025/summary_2025_20250206_401705289.json",TRUE,TRUE,NA
401705291,TRUE,"data/raw/2025/summary_2025_20250206_401705291.json",TRUE,TRUE,NA
401705292,TRUE,"data/raw/2025/summary_2025_20250206_401705292.json",TRUE,TRUE,NA
401705290,TRUE,"data/raw/2025/summary_2025_20250206_401705290.json",TRUE,TRUE,NA
401705293,TRUE,"data/raw/2025/summary_2025_20250206_401705293.json",TRUE,TRUE,NA
401705294,TRUE,"data/raw/2025/summary_2025_20250207_401705294.json",TRUE,TRUE,NA
401705295,TRUE,"data/raw/2025/summary_2025_20250207_401705295.json",TRUE,TRUE,NA
401705296,TRUE,"data/raw/2025/summary_2025_20250207_401705296.json",TRUE,TRUE,NA
401705297,TRUE,"data/raw/2025/summary_2025_20250207_401705297.json",TRUE,TRUE,NA
401705298,TRUE,"data/raw/2025/summary_2025_20250207_401705298.json",TRUE,TRUE,NA
401705299,TRUE,"data/raw/2025/summary_2025_20250207_401705299.json",TRUE,TRUE,NA
401705300,TRUE,"data/raw/2025/summary_2025_20250208_401705300.json",TRUE,TRUE,NA
401705301,TRUE,"data/raw/2025/summary_2025_20250208_401705301.json",TRUE,TRUE,NA
401705302,TRUE,"data/raw/2025/summary_2025_20250208_401705302.json",TRUE,TRUE,NA
401705303,TRUE,"data/raw/2025/summary_2025_20250208_401705303.json",TRUE,TRUE,NA
401705304,TRUE,"data/raw/2025/summary_2025_20250208_401705304.json",TRUE,TRUE,NA
401705305,TRUE,"data/raw/2025/summary_2025_20250208_401705305.json",TRUE,TRUE,NA
401705306,TRUE,"data/raw/2025/summary_2025_20250208_401705306.json",TRUE,TRUE,NA
401705307,TRUE,"data/raw/2025/summary_2025_20250208_401705307.json",TRUE,TRUE,NA
401705308,TRUE,"data/raw/2025/summary_2025_20250208_401705308.json",TRUE,TRUE,NA
401705309,TRUE,"data/raw/2025/summary_2025_20250209_401705309.json",TRUE,TRUE,NA
401705310,TRUE,"data/raw/2025/summary_2025_20250209_401705310.json",TRUE,TRUE,NA
401705311,TRUE,"data/raw/2025/summary_2025_20250209_401705311.json",TRUE,TRUE,NA
401705312,TRUE,"data/raw/2025/summary_2025_20250209_401705312.json",TRUE,TRUE,NA
401705313,TRUE,"data/raw/2025/summary_2025_20250209_401705313.json",TRUE,TRUE,NA
401705314,TRUE,"data/raw/2025/summary_2025_20250209_401705314.json",TRUE,TRUE,NA
401705315,TRUE,"data/raw/2025/summary_2025_20250209_401705315.json",TRUE,TRUE,NA
401705316,TRUE,"data/raw/2025/summary_2025_20250209_401705316.json",TRUE,TRUE,NA
401705317,TRUE,"data/raw/2025/summary_2025_20250209_401705317.json",TRUE,TRUE,NA
401705318,TRUE,"data/raw/2025/summary_2025_20250209_401705318.json",TRUE,TRUE,NA
401705319,TRUE,"data/raw/2025/summary_2025_20250209_401705319.json",TRUE,TRUE,NA
401705320,TRUE,"data/raw/2025/summary_2025_20250209_401705320.json",TRUE,TRUE,NA
401705321,TRUE,"data/raw/2025/summary_2025_20250211_401705321.json",TRUE,TRUE,NA
401705322,TRUE,"data/raw/2025/summary_2025_20250211_401705322.json",TRUE,TRUE,NA
401705323,TRUE,"data/raw/2025/summary_2025_20250211_401705323.json",TRUE,TRUE,NA
401705324,TRUE,"data/raw/2025/summary_2025_20250211_401705324.json",TRUE,TRUE,NA
401705325,TRUE,"data/raw/2025/summary_2025_20250211_401705325.json",TRUE,TRUE,NA
401705326,TRUE,"data/raw/2025/summary_2025_20250211_401705326.json",TRUE,TRUE,NA
401705327,TRUE,"data/raw/2025/summary_2025_20250211_401705327.json",TRUE,TRUE,NA
401705328,TRUE,"data/raw/2025/summary_2025_20250211_401705328.json",TRUE,TRUE,NA
401705329,TRUE,"data/raw/2025/summary_2025_20250211_401705329.json",TRUE,TRUE,NA
401705334,TRUE,"data/raw/2025/summary_2025_20250211_401705334.json",TRUE,TRUE,NA
401705330,TRUE,"data/raw/2025/summary_2025_20250212_401705330.json",TRUE,TRUE,NA
401705331,TRUE,"data/raw/2025/summary_2025_20250212_401705331.json",TRUE,TRUE,NA
401705332,TRUE,"data/raw/2025/summary_2025_20250212_401705332.json",TRUE,TRUE,NA
401705333,TRUE,"data/raw/2025/summary_2025_20250212_401705333.json",TRUE,TRUE,NA
401705335,TRUE,"data/raw/2025/summary_2025_20250213_401705335.json",TRUE,TRUE,NA
401705336,TRUE,"data/raw/2025/summary_2025_20250213_401705336.json",TRUE,TRUE,NA
401705337,TRUE,"data/raw/2025/summary_2025_20250213_401705337.json",TRUE,TRUE,NA
401705338,TRUE,"data/raw/2025/summary_2025_20250213_401705338.json",TRUE,TRUE,NA
401705339,TRUE,"data/raw/2025/summary_2025_20250213_401705339.json",TRUE,TRUE,NA
401705340,TRUE,"data/raw/2025/summary_2025_20250213_401705340.json",TRUE,TRUE,NA
401705341,TRUE,"data/raw/2025/summary_2025_20250213_401705341.json",TRUE,TRUE,NA
401705342,TRUE,"data/raw/2025/summary_2025_20250213_401705342.json",TRUE,TRUE,NA
401705343,TRUE,"data/raw/2025/summary_2025_20250213_401705343.json",TRUE,TRUE,NA
401705344,TRUE,"data/raw/2025/summary_2025_20250213_401705344.json",TRUE,TRUE,NA
401705345,TRUE,"data/raw/2025/summary_2025_20250213_401705345.json",TRUE,TRUE,NA
401705346,TRUE,"data/raw/2025/summary_2025_20250213_401705346.json",TRUE,TRUE,NA
401705347,TRUE,"data/raw/2025/summary_2025_20250213_401705347.json",TRUE,TRUE,NA
401705348,TRUE,"data/raw/2025/summary_2025_20250213_401705348.json",TRUE,TRUE,NA
401705349,TRUE,"data/raw/2025/summary_2025_20250213_401705349.json",TRUE,TRUE,NA
401705350,TRUE,"data/raw/2025/summary_2025_20250214_401705350.json",TRUE,TRUE,NA
401705351,TRUE,"data/raw/2025/summary_2025_20250214_401705351.json",TRUE,TRUE,NA
401705352,TRUE,"data/raw/2025/summary_2025_20250214_401705352.json",TRUE,TRUE,NA
401705353,TRUE,"data/raw/2025/summary_2025_20250214_401705353.json",TRUE,TRUE,NA
401705570,TRUE,"data/raw/2025/summary_2025_20250214_401705570.json",TRUE,TRUE,NA
401752955,TRUE,"data/raw/2025/summary_2025_20250217_401752955.json",TRUE,TRUE,NA
401752956,TRUE,"data/raw/2025/summary_2025_20250217_401752956.json",TRUE,TRUE,NA
401752957,TRUE,"data/raw/2025/summary_2025_20250217_401752957.json",TRUE,TRUE,NA
401748704,TRUE,"data/raw/2025/summary_2025_20250220_401748704.json",TRUE,TRUE,NA
401705354,TRUE,"data/raw/2025/summary_2025_20250221_401705354.json",TRUE,TRUE,NA
401705355,TRUE,"data/raw/2025/summary_2025_20250221_401705355.json",TRUE,TRUE,NA
401705356,TRUE,"data/raw/2025/summary_2025_20250221_401705356.json",TRUE,TRUE,NA
401705357,TRUE,"data/raw/2025/summary_2025_20250221_401705357.json",TRUE,TRUE,NA
401705358,TRUE,"data/raw/2025/summary_2025_20250221_401705358.json",TRUE,TRUE,NA
401705359,TRUE,"data/raw/2025/summary_2025_20250221_401705359.json",TRUE,TRUE,NA
401705360,TRUE,"data/raw/2025/summary_2025_20250221_401705360.json",TRUE,TRUE,NA
401705361,TRUE,"data/raw/2025/summary_2025_20250221_401705361.json",TRUE,TRUE,NA
401705362,TRUE,"data/raw/2025/summary_2025_20250221_401705362.json",TRUE,TRUE,NA
401705363,TRUE,"data/raw/2025/summary_2025_20250222_401705363.json",TRUE,TRUE,NA
401705364,TRUE,"data/raw/2025/summary_2025_20250222_401705364.json",TRUE,TRUE,NA
401705365,TRUE,"data/raw/2025/summary_2025_20250222_401705365.json",TRUE,TRUE,NA
401705366,TRUE,"data/raw/2025/summary_2025_20250222_401705366.json",TRUE,TRUE,NA
401705368,TRUE,"data/raw/2025/summary_2025_20250222_401705368.json",TRUE,TRUE,NA
401705369,TRUE,"data/raw/2025/summary_2025_20250222_401705369.json",TRUE,TRUE,NA
401705367,TRUE,"data/raw/2025/summary_2025_20250222_401705367.json",TRUE,TRUE,NA
401705370,TRUE,"data/raw/2025/summary_2025_20250222_401705370.json",TRUE,TRUE,NA
401705371,TRUE,"data/raw/2025/summary_2025_20250222_401705371.json",TRUE,TRUE,NA
401705372,TRUE,"data/raw/2025/summary_2025_20250222_401705372.json",TRUE,TRUE,NA
401705373,TRUE,"data/raw/2025/summary_2025_20250223_401705373.json",TRUE,TRUE,NA
401705374,TRUE,"data/raw/2025/summary_2025_20250223_401705374.json",TRUE,TRUE,NA
401705375,TRUE,"data/raw/2025/summary_2025_20250223_401705375.json",TRUE,TRUE,NA
401705376,TRUE,"data/raw/2025/summary_2025_20250223_401705376.json",TRUE,TRUE,NA
401705377,TRUE,"data/raw/2025/summary_2025_20250223_401705377.json",TRUE,TRUE,NA
401705378,TRUE,"data/raw/2025/summary_2025_20250223_401705378.json",TRUE,TRUE,NA
401705379,TRUE,"data/raw/2025/summary_2025_20250223_401705379.json",TRUE,TRUE,NA
401705380,TRUE,"data/raw/2025/summary_2025_20250223_401705380.json",TRUE,TRUE,NA
401705381,TRUE,"data/raw/2025/summary_2025_20250223_401705381.json",TRUE,TRUE,NA
401705382,TRUE,"data/raw/2025/summary_2025_20250223_401705382.json",TRUE,TRUE,NA
401705383,TRUE,"data/raw/2025/summary_2025_20250223_401705383.json",TRUE,TRUE,NA
401705384,TRUE,"data/raw/2025/summary_2025_20250224_401705384.json",TRUE,TRUE,NA
401705385,TRUE,"data/raw/2025/summary_2025_20250224_401705385.json",TRUE,TRUE,NA
401705386,TRUE,"data/raw/2025/summary_2025_20250224_401705386.json",TRUE,TRUE,NA
401705387,TRUE,"data/raw/2025/summary_2025_20250225_401705387.json",TRUE,TRUE,NA
401705388,TRUE,"data/raw/2025/summary_2025_20250225_401705388.json",TRUE,TRUE,NA
401705389,TRUE,"data/raw/2025/summary_2025_20250225_401705389.json",TRUE,TRUE,NA
401705390,TRUE,"data/raw/2025/summary_2025_20250225_401705390.json",TRUE,TRUE,NA
401705391,TRUE,"data/raw/2025/summary_2025_20250225_401705391.json",TRUE,TRUE,NA
401705392,TRUE,"data/raw/2025/summary_2025_20250225_401705392.json",TRUE,TRUE,NA
401705393,TRUE,"data/raw/2025/summary_2025_20250225_401705393.json",TRUE,TRUE,NA
401705394,TRUE,"data/raw/2025/summary_2025_20250225_401705394.json",TRUE,TRUE,NA
401705395,TRUE,"data/raw/2025/summary_2025_20250226_401705395.json",TRUE,TRUE,NA
401705396,TRUE,"data/raw/2025/summary_2025_20250226_401705396.json",TRUE,TRUE,NA
401705397,TRUE,"data/raw/2025/summary_2025_20250226_401705397.json",TRUE,TRUE,NA
401705398,TRUE,"data/raw/2025/summary_2025_20250226_401705398.json",TRUE,TRUE,NA
401705399,TRUE,"data/raw/2025/summary_2025_20250226_401705399.json",TRUE,TRUE,NA
401705400,TRUE,"data/raw/2025/summary_2025_20250226_401705400.json",TRUE,TRUE,NA
401705401,TRUE,"data/raw/2025/summary_2025_20250226_401705401.json",TRUE,TRUE,NA
401705402,TRUE,"data/raw/2025/summary_2025_20250227_401705402.json",TRUE,TRUE,NA
401705403,TRUE,"data/raw/2025/summary_2025_20250227_401705403.json",TRUE,TRUE,NA
401705404,TRUE,"data/raw/2025/summary_2025_20250227_401705404.json",TRUE,TRUE,NA
401705405,TRUE,"data/raw/2025/summary_2025_20250227_401705405.json",TRUE,TRUE,NA
401705406,TRUE,"data/raw/2025/summary_2025_20250227_401705406.json",TRUE,TRUE,NA
401705407,TRUE,"data/raw/2025/summary_2025_20250227_401705407.json",TRUE,TRUE,NA
401705408,TRUE,"data/raw/2025/summary_2025_20250227_401705408.json",TRUE,TRUE,NA
401705409,TRUE,"data/raw/2025/summary_2025_20250227_401705409.json",TRUE,TRUE,NA
401705410,TRUE,"data/raw/2025/summary_2025_20250227_401705410.json",TRUE,TRUE,NA
401705411,TRUE,"data/raw/2025/summary_2025_20250228_401705411.json",TRUE,TRUE,NA
401705412,TRUE,"data/raw/2025/summary_2025_20250228_401705412.json",TRUE,TRUE,NA
401705413,TRUE,"data/raw/2025/summary_2025_20250228_401705413.json",TRUE,TRUE,NA
401705414,TRUE,"data/raw/2025/summary_2025_20250228_401705414.json",TRUE,TRUE,NA
401705415,TRUE,"data/raw/2025/summary_2025_20250228_401705415.json",TRUE,TRUE,NA
401705416,TRUE,"data/raw/2025/summary_2025_20250301_401705416.json",TRUE,TRUE,NA
401705417,TRUE,"data/raw/2025/summary_2025_20250301_401705417.json",TRUE,TRUE,NA
401705418,TRUE,"data/raw/2025/summary_2025_20250301_401705418.json",TRUE,TRUE,NA
401705419,TRUE,"data/raw/2025/summary_2025_20250301_401705419.json",TRUE,TRUE,NA
401705420,TRUE,"data/raw/2025/summary_2025_20250301_401705420.json",TRUE,TRUE,NA
401705421,TRUE,"data/raw/2025/summary_2025_20250301_401705421.json",TRUE,TRUE,NA
401705422,TRUE,"data/raw/2025/summary_2025_20250301_401705422.json",TRUE,TRUE,NA
401705423,TRUE,"data/raw/2025/summary_2025_20250301_401705423.json",TRUE,TRUE,NA
401705424,TRUE,"data/raw/2025/summary_2025_20250301_401705424.json",TRUE,TRUE,NA
401705425,TRUE,"data/raw/2025/summary_2025_20250301_401705425.json",TRUE,TRUE,NA
401705426,TRUE,"data/raw/2025/summary_2025_20250301_401705426.json",TRUE,TRUE,NA
401705427,TRUE,"data/raw/2025/summary_2025_20250302_401705427.json",TRUE,TRUE,NA
401705428,TRUE,"data/raw/2025/summary_2025_20250302_401705428.json",TRUE,TRUE,NA
401705429,TRUE,"data/raw/2025/summary_2025_20250302_401705429.json",TRUE,TRUE,NA
401705430,TRUE,"data/raw/2025/summary_2025_20250302_401705430.json",TRUE,TRUE,NA
401705431,TRUE,"data/raw/2025/summary_2025_20250302_401705431.json",TRUE,TRUE,NA
401705432,TRUE,"data/raw/2025/summary_2025_20250302_401705432.json",TRUE,TRUE,NA
401705433,TRUE,"data/raw/2025/summary_2025_20250302_401705433.json",TRUE,TRUE,NA
401705434,TRUE,"data/raw/2025/summary_2025_20250302_401705434.json",TRUE,TRUE,NA
401705435,TRUE,"data/raw/2025/summary_2025_20250302_401705435.json",TRUE,TRUE,NA
401705436,TRUE,"data/raw/2025/summary_2025_20250302_401705436.json",TRUE,TRUE,NA
401705437,TRUE,"data/raw/2025/summary_2025_20250303_401705437.json",TRUE,TRUE,NA
401705438,TRUE,"data/raw/2025/summary_2025_20250303_401705438.json",TRUE,TRUE,NA
401705439,TRUE,"data/raw/2025/summary_2025_20250303_401705439.json",TRUE,TRUE,NA
401705440,TRUE,"data/raw/2025/summary_2025_20250303_401705440.json",TRUE,TRUE,NA
401705441,TRUE,"data/raw/2025/summary_2025_20250304_401705441.json",TRUE,TRUE,NA
401705442,TRUE,"data/raw/2025/summary_2025_20250304_401705442.json",TRUE,TRUE,NA
401705443,TRUE,"data/raw/2025/summary_2025_20250304_401705443.json",TRUE,TRUE,NA
401705444,TRUE,"data/raw/2025/summary_2025_20250304_401705444.json",TRUE,TRUE,NA
401705445,TRUE,"data/raw/2025/summary_2025_20250304_401705445.json",TRUE,TRUE,NA
401705446,TRUE,"data/raw/2025/summary_2025_20250304_401705446.json",TRUE,TRUE,NA
401705447,TRUE,"data/raw/2025/summary_2025_20250304_401705447.json",TRUE,TRUE,NA
401705448,TRUE,"data/raw/2025/summary_2025_20250305_401705448.json",TRUE,TRUE,NA
401705449,TRUE,"data/raw/2025/summary_2025_20250305_401705449.json",TRUE,TRUE,NA
401705450,TRUE,"data/raw/2025/summary_2025_20250305_401705450.json",TRUE,TRUE,NA
401705451,TRUE,"data/raw/2025/summary_2025_20250305_401705451.json",TRUE,TRUE,NA
401705452,TRUE,"data/raw/2025/summary_2025_20250305_401705452.json",TRUE,TRUE,NA
401705453,TRUE,"data/raw/2025/summary_2025_20250305_401705453.json",TRUE,TRUE,NA
401705454,TRUE,"data/raw/2025/summary_2025_20250305_401705454.json",TRUE,TRUE,NA
401705455,TRUE,"data/raw/2025/summary_2025_20250305_401705455.json",TRUE,TRUE,NA
401705456,TRUE,"data/raw/2025/summary_2025_20250305_401705456.json",TRUE,TRUE,NA
401705457,TRUE,"data/raw/2025/summary_2025_20250306_401705457.json",TRUE,TRUE,NA
401705458,TRUE,"data/raw/2025/summary_2025_20250306_401705458.json",TRUE,TRUE,NA
401705459,TRUE,"data/raw/2025/summary_2025_20250306_401705459.json",TRUE,TRUE,NA
401705460,TRUE,"data/raw/2025/summary_2025_20250306_401705460.json",TRUE,TRUE,NA
401705463,TRUE,"data/raw/2025/summary_2025_20250306_401705463.json",TRUE,TRUE,NA
401705462,TRUE,"data/raw/2025/summary_2025_20250306_401705462.json",TRUE,TRUE,NA
401705461,TRUE,"data/raw/2025/summary_2025_20250306_401705461.json",TRUE,TRUE,NA
401705464,TRUE,"data/raw/2025/summary_2025_20250306_401705464.json",TRUE,TRUE,NA
401705510,TRUE,"data/raw/2025/summary_2025_20250307_401705510.json",TRUE,TRUE,NA
401705465,TRUE,"data/raw/2025/summary_2025_20250307_401705465.json",TRUE,TRUE,NA
401705466,TRUE,"data/raw/2025/summary_2025_20250307_401705466.json",TRUE,TRUE,NA
401705467,TRUE,"data/raw/2025/summary_2025_20250307_401705467.json",TRUE,TRUE,NA
401705468,TRUE,"data/raw/2025/summary_2025_20250307_401705468.json",TRUE,TRUE,NA
401705469,TRUE,"data/raw/2025/summary_2025_20250307_401705469.json",TRUE,TRUE,NA
401705470,TRUE,"data/raw/2025/summary_2025_20250308_401705470.json",TRUE,TRUE,NA
401705471,TRUE,"data/raw/2025/summary_2025_20250308_401705471.json",TRUE,TRUE,NA
401705472,TRUE,"data/raw/2025/summary_2025_20250308_401705472.json",TRUE,TRUE,NA
401705473,TRUE,"data/raw/2025/summary_2025_20250308_401705473.json",TRUE,TRUE,NA
401705474,TRUE,"data/raw/2025/summary_2025_20250308_401705474.json",TRUE,TRUE,NA
401705475,TRUE,"data/raw/2025/summary_2025_20250308_401705475.json",TRUE,TRUE,NA
401705476,TRUE,"data/raw/2025/summary_2025_20250308_401705476.json",TRUE,TRUE,NA
401705477,TRUE,"data/raw/2025/summary_2025_20250308_401705477.json",TRUE,TRUE,NA
401705478,TRUE,"data/raw/2025/summary_2025_20250308_401705478.json",TRUE,TRUE,NA
401705479,TRUE,"data/raw/2025/summary_2025_20250309_401705479.json",TRUE,TRUE,NA
401705480,TRUE,"data/raw/2025/summary_2025_20250309_401705480.json",TRUE,TRUE,NA
401705481,TRUE,"data/raw/2025/summary_2025_20250309_401705481.json",TRUE,TRUE,NA
401705482,TRUE,"data/raw/2025/summary_2025_20250309_401705482.json",TRUE,TRUE,NA
401705483,TRUE,"data/raw/2025/summary_2025_20250309_401705483.json",TRUE,TRUE,NA
401705484,TRUE,"data/raw/2025/summary_2025_20250309_401705484.json",TRUE,TRUE,NA
401705485,TRUE,"data/raw/2025/summary_2025_20250309_401705485.json",TRUE,TRUE,NA
401705486,TRUE,"data/raw/2025/summary_2025_20250309_401705486.json",TRUE,TRUE,NA
401705487,TRUE,"data/raw/2025/summary_2025_20250309_401705487.json",TRUE,TRUE,NA
401705489,TRUE,"data/raw/2025/summary_2025_20250309_401705489.json",TRUE,TRUE,NA
401705490,TRUE,"data/raw/2025/summary_2025_20250309_401705490.json",TRUE,TRUE,NA
401705488,TRUE,"data/raw/2025/summary_2025_20250310_401705488.json",TRUE,TRUE,NA
401705491,TRUE,"data/raw/2025/summary_2025_20250310_401705491.json",TRUE,TRUE,NA
401705492,TRUE,"data/raw/2025/summary_2025_20250310_401705492.json",TRUE,TRUE,NA
401705493,TRUE,"data/raw/2025/summary_2025_20250310_401705493.json",TRUE,TRUE,NA
401705494,TRUE,"data/raw/2025/summary_2025_20250310_401705494.json",TRUE,TRUE,NA
401705495,TRUE,"data/raw/2025/summary_2025_20250310_401705495.json",TRUE,TRUE,NA
401705496,TRUE,"data/raw/2025/summary_2025_20250310_401705496.json",TRUE,TRUE,NA
401705497,TRUE,"data/raw/2025/summary_2025_20250310_401705497.json",TRUE,TRUE,NA
401705498,TRUE,"data/raw/2025/summary_2025_20250310_401705498.json",TRUE,TRUE,NA
401705499,TRUE,"data/raw/2025/summary_2025_20250311_401705499.json",TRUE,TRUE,NA
401705500,TRUE,"data/raw/2025/summary_2025_20250311_401705500.json",TRUE,TRUE,NA
401705501,TRUE,"data/raw/2025/summary_2025_20250311_401705501.json",TRUE,TRUE,NA
401705502,TRUE,"data/raw/2025/summary_2025_20250311_401705502.json",TRUE,TRUE,NA
401705503,TRUE,"data/raw/2025/summary_2025_20250311_401705503.json",TRUE,TRUE,NA
401705504,TRUE,"data/raw/2025/summary_2025_20250311_401705504.json",TRUE,TRUE,NA
401705505,TRUE,"data/raw/2025/summary_2025_20250311_401705505.json",TRUE,TRUE,NA
401705506,TRUE,"data/raw/2025/summary_2025_20250311_401705506.json",TRUE,TRUE,NA
401705507,TRUE,"data/raw/2025/summary_2025_20250311_401705507.json",TRUE,TRUE,NA
401705508,TRUE,"data/raw/2025/summary_2025_20250311_401705508.json",TRUE,TRUE,NA
401705509,TRUE,"data/raw/2025/summary_2025_20250312_401705509.json",TRUE,TRUE,NA
401705511,TRUE,"data/raw/2025/summary_2025_20250312_401705511.json",TRUE,TRUE,NA
401705512,TRUE,"data/raw/2025/summary_2025_20250312_401705512.json",TRUE,TRUE,NA
401705513,TRUE,"data/raw/2025/summary_2025_20250312_401705513.json",TRUE,TRUE,NA
401705514,TRUE,"data/raw/2025/summary_2025_20250313_401705514.json",TRUE,TRUE,NA
401705515,TRUE,"data/raw/2025/summary_2025_20250313_401705515.json",TRUE,TRUE,NA
401705516,TRUE,"data/raw/2025/summary_2025_20250313_401705516.json",TRUE,TRUE,NA
401705517,TRUE,"data/raw/2025/summary_2025_20250313_401705517.json",TRUE,TRUE,NA
401705518,TRUE,"data/raw/2025/summary_2025_20250313_401705518.json",TRUE,TRUE,NA
401705519,TRUE,"data/raw/2025/summary_2025_20250313_401705519.json",TRUE,TRUE,NA
401705520,TRUE,"data/raw/2025/summary_2025_20250313_401705520.json",TRUE,TRUE,NA
401705521,TRUE,"data/raw/2025/summary_2025_20250313_401705521.json",TRUE,TRUE,NA
401705522,TRUE,"data/raw/2025/summary_2025_20250314_401705522.json",TRUE,TRUE,NA
401705707,TRUE,"data/raw/2025/summary_2025_20250314_401705707.json",TRUE,TRUE,NA
401705523,TRUE,"data/raw/2025/summary_2025_20250314_401705523.json",TRUE,TRUE,NA
401705524,TRUE,"data/raw/2025/summary_2025_20250314_401705524.json",TRUE,TRUE,NA
401705525,TRUE,"data/raw/2025/summary_2025_20250314_401705525.json",TRUE,TRUE,NA
401705526,TRUE,"data/raw/2025/summary_2025_20250314_401705526.json",TRUE,TRUE,NA
401705527,TRUE,"data/raw/2025/summary_2025_20250315_401705527.json",TRUE,TRUE,NA
401705528,TRUE,"data/raw/2025/summary_2025_20250315_401705528.json",TRUE,TRUE,NA
401705529,TRUE,"data/raw/2025/summary_2025_20250315_401705529.json",TRUE,TRUE,NA
401705530,TRUE,"data/raw/2025/summary_2025_20250315_401705530.json",TRUE,TRUE,NA
401705531,TRUE,"data/raw/2025/summary_2025_20250315_401705531.json",TRUE,TRUE,NA
401705532,TRUE,"data/raw/2025/summary_2025_20250315_401705532.json",TRUE,TRUE,NA
401705533,TRUE,"data/raw/2025/summary_2025_20250315_401705533.json",TRUE,TRUE,NA
401705534,TRUE,"data/raw/2025/summary_2025_20250315_401705534.json",TRUE,TRUE,NA
401705535,TRUE,"data/raw/2025/summary_2025_20250315_401705535.json",TRUE,TRUE,NA
401705536,TRUE,"data/raw/2025/summary_2025_20250316_401705536.json",TRUE,TRUE,NA
401705537,TRUE,"data/raw/2025/summary_2025_20250316_401705537.json",TRUE,TRUE,NA
401705538,TRUE,"data/raw/2025/summary_2025_20250316_401705538.json",TRUE,TRUE,NA
401705539,TRUE,"data/raw/2025/summary_2025_20250316_401705539.json",TRUE,TRUE,NA
401705540,TRUE,"data/raw/2025/summary_2025_20250316_401705540.json",TRUE,TRUE,NA
401705541,TRUE,"data/raw/2025/summary_2025_20250316_401705541.json",TRUE,TRUE,NA
401705542,TRUE,"data/raw/2025/summary_2025_20250316_401705542.json",TRUE,TRUE,NA
401705545,TRUE,"data/raw/2025/summary_2025_20250316_401705545.json",TRUE,TRUE,NA
401705543,TRUE,"data/raw/2025/summary_2025_20250316_401705543.json",TRUE,TRUE,NA
401705544,TRUE,"data/raw/2025/summary_2025_20250316_401705544.json",TRUE,TRUE,NA
401705546,TRUE,"data/raw/2025/summary_2025_20250316_401705546.json",TRUE,TRUE,NA
401705547,TRUE,"data/raw/2025/summary_2025_20250316_401705547.json",TRUE,TRUE,NA
401748706,TRUE,"data/raw/2025/summary_2025_20250316_401748706.json",TRUE,TRUE,NA
401705548,TRUE,"data/raw/2025/summary_2025_20250317_401705548.json",TRUE,TRUE,NA
401705550,TRUE,"data/raw/2025/summary_2025_20250317_401705550.json",TRUE,TRUE,NA
401705551,TRUE,"data/raw/2025/summary_2025_20250318_401705551.json",TRUE,TRUE,NA
401705552,TRUE,"data/raw/2025/summary_2025_20250318_401705552.json",TRUE,TRUE,NA
401705553,TRUE,"data/raw/2025/summary_2025_20250318_401705553.json",TRUE,TRUE,NA
401705555,TRUE,"data/raw/2025/summary_2025_20250318_401705555.json",TRUE,TRUE,NA
401705556,TRUE,"data/raw/2025/summary_2025_20250318_401705556.json",TRUE,TRUE,NA
401705557,TRUE,"data/raw/2025/summary_2025_20250318_401705557.json",TRUE,TRUE,NA
401705558,TRUE,"data/raw/2025/summary_2025_20250318_401705558.json",TRUE,TRUE,NA
401705561,TRUE,"data/raw/2025/summary_2025_20250318_401705561.json",TRUE,TRUE,NA
401754705,TRUE,"data/raw/2025/summary_2025_20250318_401754705.json",TRUE,TRUE,NA
401705559,TRUE,"data/raw/2025/summary_2025_20250318_401705559.json",TRUE,TRUE,NA
401705560,TRUE,"data/raw/2025/summary_2025_20250318_401705560.json",TRUE,TRUE,NA
401705578,TRUE,"data/raw/2025/summary_2025_20250319_401705578.json",TRUE,TRUE,NA
401705563,TRUE,"data/raw/2025/summary_2025_20250319_401705563.json",TRUE,TRUE,NA
401705564,TRUE,"data/raw/2025/summary_2025_20250319_401705564.json",TRUE,TRUE,NA
401705565,TRUE,"data/raw/2025/summary_2025_20250319_401705565.json",TRUE,TRUE,NA
401705566,TRUE,"data/raw/2025/summary_2025_20250319_401705566.json",TRUE,TRUE,NA
401705567,TRUE,"data/raw/2025/summary_2025_20250320_401705567.json",TRUE,TRUE,NA
401705568,TRUE,"data/raw/2025/summary_2025_20250320_401705568.json",TRUE,TRUE,NA
401705569,TRUE,"data/raw/2025/summary_2025_20250320_401705569.json",TRUE,TRUE,NA
401705193,TRUE,"data/raw/2025/summary_2025_20250320_401705193.json",TRUE,TRUE,NA
401705572,TRUE,"data/raw/2025/summary_2025_20250320_401705572.json",TRUE,TRUE,NA
401705573,TRUE,"data/raw/2025/summary_2025_20250320_401705573.json",TRUE,TRUE,NA
401705574,TRUE,"data/raw/2025/summary_2025_20250320_401705574.json",TRUE,TRUE,NA
401705575,TRUE,"data/raw/2025/summary_2025_20250320_401705575.json",TRUE,TRUE,NA
401705576,TRUE,"data/raw/2025/summary_2025_20250320_401705576.json",TRUE,TRUE,NA
401705577,TRUE,"data/raw/2025/summary_2025_20250320_401705577.json",TRUE,TRUE,NA
401705571,TRUE,"data/raw/2025/summary_2025_20250321_401705571.json",TRUE,TRUE,NA
401705579,TRUE,"data/raw/2025/summary_2025_20250321_401705579.json",TRUE,TRUE,NA
401705562,TRUE,"data/raw/2025/summary_2025_20250321_401705562.json",TRUE,TRUE,NA
401705580,TRUE,"data/raw/2025/summary_2025_20250321_401705580.json",TRUE,TRUE,NA
401705581,TRUE,"data/raw/2025/summary_2025_20250322_401705581.json",TRUE,TRUE,NA
401705582,TRUE,"data/raw/2025/summary_2025_20250322_401705582.json",TRUE,TRUE,NA
401705583,TRUE,"data/raw/2025/summary_2025_20250322_401705583.json",TRUE,TRUE,NA
401705584,TRUE,"data/raw/2025/summary_2025_20250322_401705584.json",TRUE,TRUE,NA
401705585,TRUE,"data/raw/2025/summary_2025_20250322_401705585.json",TRUE,TRUE,NA
401705586,TRUE,"data/raw/2025/summary_2025_20250322_401705586.json",TRUE,TRUE,NA
401705587,TRUE,"data/raw/2025/summary_2025_20250322_401705587.json",TRUE,TRUE,NA
401705588,TRUE,"data/raw/2025/summary_2025_20250322_401705588.json",TRUE,TRUE,NA
401705589,TRUE,"data/raw/2025/summary_2025_20250322_401705589.json",TRUE,TRUE,NA
401705590,TRUE,"data/raw/2025/summary_2025_20250322_401705590.json",TRUE,TRUE,NA
401705591,TRUE,"data/raw/2025/summary_2025_20250322_401705591.json",TRUE,TRUE,NA
401705592,TRUE,"data/raw/2025/summary_2025_20250323_401705592.json",TRUE,TRUE,NA
401705593,TRUE,"data/raw/2025/summary_2025_20250323_401705593.json",TRUE,TRUE,NA
401705594,TRUE,"data/raw/2025/summary_2025_20250323_401705594.json",TRUE,TRUE,NA
401705595,TRUE,"data/raw/2025/summary_2025_20250323_401705595.json",TRUE,TRUE,NA
401705596,TRUE,"data/raw/2025/summary_2025_20250323_401705596.json",TRUE,TRUE,NA
401705597,TRUE,"data/raw/2025/summary_2025_20250323_401705597.json",TRUE,TRUE,NA
401705598,TRUE,"data/raw/2025/summary_2025_20250323_401705598.json",TRUE,TRUE,NA
401705599,TRUE,"data/raw/2025/summary_2025_20250323_401705599.json",TRUE,TRUE,NA
401705600,TRUE,"data/raw/2025/summary_2025_20250323_401705600.json",TRUE,TRUE,NA
401705601,TRUE,"data/raw/2025/summary_2025_20250323_401705601.json",TRUE,TRUE,NA
401705602,TRUE,"data/raw/2025/summary_2025_20250324_401705602.json",TRUE,TRUE,NA
401705603,TRUE,"data/raw/2025/summary_2025_20250324_401705603.json",TRUE,TRUE,NA
401705604,TRUE,"data/raw/2025/summary_2025_20250324_401705604.json",TRUE,TRUE,NA
401705605,TRUE,"data/raw/2025/summary_2025_20250324_401705605.json",TRUE,TRUE,NA
401705606,TRUE,"data/raw/2025/summary_2025_20250324_401705606.json",TRUE,TRUE,NA
401705607,TRUE,"data/raw/2025/summary_2025_20250325_401705607.json",TRUE,TRUE,NA
401705608,TRUE,"data/raw/2025/summary_2025_20250325_401705608.json",TRUE,TRUE,NA
401705609,TRUE,"data/raw/2025/summary_2025_20250325_401705609.json",TRUE,TRUE,NA
401705610,TRUE,"data/raw/2025/summary_2025_20250325_401705610.json",TRUE,TRUE,NA
401705611,TRUE,"data/raw/2025/summary_2025_20250325_401705611.json",TRUE,TRUE,NA
401705612,TRUE,"data/raw/2025/summary_2025_20250325_401705612.json",TRUE,TRUE,NA
401705613,TRUE,"data/raw/2025/summary_2025_20250325_401705613.json",TRUE,TRUE,NA
401705614,TRUE,"data/raw/2025/summary_2025_20250325_401705614.json",TRUE,TRUE,NA
401705615,TRUE,"data/raw/2025/summary_2025_20250326_401705615.json",TRUE,TRUE,NA
401705616,TRUE,"data/raw/2025/summary_2025_20250326_401705616.json",TRUE,TRUE,NA
401705617,TRUE,"data/raw/2025/summary_2025_20250326_401705617.json",TRUE,TRUE,NA
401705618,TRUE,"data/raw/2025/summary_2025_20250326_401705618.json",TRUE,TRUE,NA
401705619,TRUE,"data/raw/2025/summary_2025_20250326_401705619.json",TRUE,TRUE,NA
401705620,TRUE,"data/raw/2025/summary_2025_20250326_401705620.json",TRUE,TRUE,NA
401705621,TRUE,"data/raw/2025/summary_2025_20250326_401705621.json",TRUE,TRUE,NA
401705622,TRUE,"data/raw/2025/summary_2025_20250326_401705622.json",TRUE,TRUE,NA
401705623,TRUE,"data/raw/2025/summary_2025_20250327_401705623.json",TRUE,TRUE,NA
401705624,TRUE,"data/raw/2025/summary_2025_20250327_401705624.json",TRUE,TRUE,NA
401705625,TRUE,"data/raw/2025/summary_2025_20250327_401705625.json",TRUE,TRUE,NA
401705626,TRUE,"data/raw/2025/summary_2025_20250327_401705626.json",TRUE,TRUE,NA
401705627,TRUE,"data/raw/2025/summary_2025_20250327_401705627.json",TRUE,TRUE,NA
401705628,TRUE,"data/raw/2025/summary_2025_20250327_401705628.json",TRUE,TRUE,NA
401705629,TRUE,"data/raw/2025/summary_2025_20250328_401705629.json",TRUE,TRUE,NA
401705630,TRUE,"data/raw/2025/summary_2025_20250328_401705630.json",TRUE,TRUE,NA
401705631,TRUE,"data/raw/2025/summary_2025_20250328_401705631.json",TRUE,TRUE,NA
401705632,TRUE,"data/raw/2025/summary_2025_20250328_401705632.json",TRUE,TRUE,NA
401705633,TRUE,"data/raw/2025/summary_2025_20250328_401705633.json",TRUE,TRUE,NA
401705634,TRUE,"data/raw/2025/summary_2025_20250328_401705634.json",TRUE,TRUE,NA
401705635,TRUE,"data/raw/2025/summary_2025_20250328_401705635.json",TRUE,TRUE,NA
401705636,TRUE,"data/raw/2025/summary_2025_20250329_401705636.json",TRUE,TRUE,NA
401705637,TRUE,"data/raw/2025/summary_2025_20250329_401705637.json",TRUE,TRUE,NA
401705638,TRUE,"data/raw/2025/summary_2025_20250329_401705638.json",TRUE,TRUE,NA
401705639,TRUE,"data/raw/2025/summary_2025_20250329_401705639.json",TRUE,TRUE,NA
401705640,TRUE,"data/raw/2025/summary_2025_20250329_401705640.json",TRUE,TRUE,NA
401705641,TRUE,"data/raw/2025/summary_2025_20250329_401705641.json",TRUE,TRUE,NA
401705642,TRUE,"data/raw/2025/summary_2025_20250329_401705642.json",TRUE,TRUE,NA
401705643,TRUE,"data/raw/2025/summary_2025_20250330_401705643.json",TRUE,TRUE,NA
401705644,TRUE,"data/raw/2025/summary_2025_20250330_401705644.json",TRUE,TRUE,NA
401705645,TRUE,"data/raw/2025/summary_2025_20250330_401705645.json",TRUE,TRUE,NA
401705646,TRUE,"data/raw/2025/summary_2025_20250330_401705646.json",TRUE,TRUE,NA
401705647,TRUE,"data/raw/2025/summary_2025_20250330_401705647.json",TRUE,TRUE,NA
401705648,TRUE,"data/raw/2025/summary_2025_20250330_401705648.json",TRUE,TRUE,NA
401705649,TRUE,"data/raw/2025/summary_2025_20250330_401705649.json",TRUE,TRUE,NA
401705650,TRUE,"data/raw/2025/summary_2025_20250330_401705650.json",TRUE,TRUE,NA
401705651,TRUE,"data/raw/2025/summary_2025_20250330_401705651.json",TRUE,TRUE,NA
401705652,TRUE,"data/raw/2025/summary_2025_20250330_401705652.json",TRUE,TRUE,NA
401705653,TRUE,"data/raw/2025/summary_2025_20250330_401705653.json",TRUE,TRUE,NA
401705654,TRUE,"data/raw/2025/summary_2025_20250331_401705654.json",TRUE,TRUE,NA
401705655,TRUE,"data/raw/2025/summary_2025_20250331_401705655.json",TRUE,TRUE,NA
401705656,TRUE,"data/raw/2025/summary_2025_20250331_401705656.json",TRUE,TRUE,NA
401705657,TRUE,"data/raw/2025/summary_2025_20250331_401705657.json",TRUE,TRUE,NA
401705658,TRUE,"data/raw/2025/summary_2025_20250331_401705658.json",TRUE,TRUE,NA
401705659,TRUE,"data/raw/2025/summary_2025_20250331_401705659.json",TRUE,TRUE,NA
401705660,TRUE,"data/raw/2025/summary_2025_20250401_401705660.json",TRUE,TRUE,NA
401705661,TRUE,"data/raw/2025/summary_2025_20250401_401705661.json",TRUE,TRUE,NA
401705662,TRUE,"data/raw/2025/summary_2025_20250401_401705662.json",TRUE,TRUE,NA
401705663,TRUE,"data/raw/2025/summary_2025_20250401_401705663.json",TRUE,TRUE,NA
401705664,TRUE,"data/raw/2025/summary_2025_20250401_401705664.json",TRUE,TRUE,NA
401705667,TRUE,"data/raw/2025/summary_2025_20250401_401705667.json",TRUE,TRUE,NA
401705554,TRUE,"data/raw/2025/summary_2025_20250402_401705554.json",TRUE,TRUE,NA
401705665,TRUE,"data/raw/2025/summary_2025_20250402_401705665.json",TRUE,TRUE,NA
401705666,TRUE,"data/raw/2025/summary_2025_20250402_401705666.json",TRUE,TRUE,NA
401705668,TRUE,"data/raw/2025/summary_2025_20250402_401705668.json",TRUE,TRUE,NA
401705669,TRUE,"data/raw/2025/summary_2025_20250402_401705669.json",TRUE,TRUE,NA
401705670,TRUE,"data/raw/2025/summary_2025_20250402_401705670.json",TRUE,TRUE,NA
401705671,TRUE,"data/raw/2025/summary_2025_20250402_401705671.json",TRUE,TRUE,NA
401705672,TRUE,"data/raw/2025/summary_2025_20250402_401705672.json",TRUE,TRUE,NA
401705673,TRUE,"data/raw/2025/summary_2025_20250403_401705673.json",TRUE,TRUE,NA
401705675,TRUE,"data/raw/2025/summary_2025_20250403_401705675.json",TRUE,TRUE,NA
401705676,TRUE,"data/raw/2025/summary_2025_20250403_401705676.json",TRUE,TRUE,NA
401705674,TRUE,"data/raw/2025/summary_2025_20250403_401705674.json",TRUE,TRUE,NA
401705677,TRUE,"data/raw/2025/summary_2025_20250403_401705677.json",TRUE,TRUE,NA
401705678,TRUE,"data/raw/2025/summary_2025_20250403_401705678.json",TRUE,TRUE,NA
401705681,TRUE,"data/raw/2025/summary_2025_20250403_401705681.json",TRUE,TRUE,NA
401705679,TRUE,"data/raw/2025/summary_2025_20250403_401705679.json",TRUE,TRUE,NA
401705680,TRUE,"data/raw/2025/summary_2025_20250403_401705680.json",TRUE,TRUE,NA
401705682,TRUE,"data/raw/2025/summary_2025_20250403_401705682.json",TRUE,TRUE,NA
401705683,TRUE,"data/raw/2025/summary_2025_20250404_401705683.json",TRUE,TRUE,NA
401705684,TRUE,"data/raw/2025/summary_2025_20250404_401705684.json",TRUE,TRUE,NA
401705685,TRUE,"data/raw/2025/summary_2025_20250404_401705685.json",TRUE,TRUE,NA
401705686,TRUE,"data/raw/2025/summary_2025_20250404_401705686.json",TRUE,TRUE,NA
401705687,TRUE,"data/raw/2025/summary_2025_20250404_401705687.json",TRUE,TRUE,NA
401705688,TRUE,"data/raw/2025/summary_2025_20250405_401705688.json",TRUE,TRUE,NA
401705689,TRUE,"data/raw/2025/summary_2025_20250405_401705689.json",TRUE,TRUE,NA
401705690,TRUE,"data/raw/2025/summary_2025_20250405_401705690.json",TRUE,TRUE,NA
401705691,TRUE,"data/raw/2025/summary_2025_20250405_401705691.json",TRUE,TRUE,NA
401705692,TRUE,"data/raw/2025/summary_2025_20250405_401705692.json",TRUE,TRUE,NA
401705693,TRUE,"data/raw/2025/summary_2025_20250405_401705693.json",TRUE,TRUE,NA
401705694,TRUE,"data/raw/2025/summary_2025_20250405_401705694.json",TRUE,TRUE,NA
401705695,TRUE,"data/raw/2025/summary_2025_20250405_401705695.json",TRUE,TRUE,NA
401705696,TRUE,"data/raw/2025/summary_2025_20250405_401705696.json",TRUE,TRUE,NA
401705697,TRUE,"data/raw/2025/summary_2025_20250406_401705697.json",TRUE,TRUE,NA
401705698,TRUE,"data/raw/2025/summary_2025_20250406_401705698.json",TRUE,TRUE,NA
401705699,TRUE,"data/raw/2025/summary_2025_20250406_401705699.json",TRUE,TRUE,NA
401705700,TRUE,"data/raw/2025/summary_2025_20250406_401705700.json",TRUE,TRUE,NA
401705701,TRUE,"data/raw/2025/summary_2025_20250406_401705701.json",TRUE,TRUE,NA
401705702,TRUE,"data/raw/2025/summary_2025_20250406_401705702.json",TRUE,TRUE,NA
401705703,TRUE,"data/raw/2025/summary_2025_20250406_401705703.json",TRUE,TRUE,NA
401705704,TRUE,"data/raw/2025/summary_2025_20250406_401705704.json",TRUE,TRUE,NA
401705705,TRUE,"data/raw/2025/summary_2025_20250406_401705705.json",TRUE,TRUE,NA
401705706,TRUE,"data/raw/2025/summary_2025_20250406_401705706.json",TRUE,TRUE,NA
401705708,TRUE,"data/raw/2025/summary_2025_20250407_401705708.json",TRUE,TRUE,NA
401705709,TRUE,"data/raw/2025/summary_2025_20250407_401705709.json",TRUE,TRUE,NA
401754706,TRUE,"data/raw/2025/summary_2025_20250407_401754706.json",TRUE,TRUE,NA
401705710,TRUE,"data/raw/2025/summary_2025_20250407_401705710.json",TRUE,TRUE,NA
401705711,TRUE,"data/raw/2025/summary_2025_20250407_401705711.json",TRUE,TRUE,NA
401705712,TRUE,"data/raw/2025/summary_2025_20250408_401705712.json",TRUE,TRUE,NA
401705713,TRUE,"data/raw/2025/summary_2025_20250408_401705713.json",TRUE,TRUE,NA
401705714,TRUE,"data/raw/2025/summary_2025_20250408_401705714.json",TRUE,TRUE,NA
401705715,TRUE,"data/raw/2025/summary_2025_20250408_401705715.json",TRUE,TRUE,NA
401705716,TRUE,"data/raw/2025/summary_2025_20250408_401705716.json",TRUE,TRUE,NA
401705717,TRUE,"data/raw/2025/summary_2025_20250408_401705717.json",TRUE,TRUE,NA
401705718,TRUE,"data/raw/2025/summary_2025_20250409_401705718.json",TRUE,TRUE,NA
401705719,TRUE,"data/raw/2025/summary_2025_20250409_401705719.json",TRUE,TRUE,NA
401705720,TRUE,"data/raw/2025/summary_2025_20250409_401705720.json",TRUE,TRUE,NA
401705721,TRUE,"data/raw/2025/summary_2025_20250409_401705721.json",TRUE,TRUE,NA
401705722,TRUE,"data/raw/2025/summary_2025_20250409_401705722.json",TRUE,TRUE,NA
401705723,TRUE,"data/raw/2025/summary_2025_20250409_401705723.json",TRUE,TRUE,NA
401705724,TRUE,"data/raw/2025/summary_2025_20250409_401705724.json",TRUE,TRUE,NA
401705725,TRUE,"data/raw/2025/summary_2025_20250409_401705725.json",TRUE,TRUE,NA
401705726,TRUE,"data/raw/2025/summary_2025_20250410_401705726.json",TRUE,TRUE,NA
401705728,TRUE,"data/raw/2025/summary_2025_20250410_401705728.json",TRUE,TRUE,NA
401705729,TRUE,"data/raw/2025/summary_2025_20250410_401705729.json",TRUE,TRUE,NA
401705730,TRUE,"data/raw/2025/summary_2025_20250410_401705730.json",TRUE,TRUE,NA
401705731,TRUE,"data/raw/2025/summary_2025_20250410_401705731.json",TRUE,TRUE,NA
401705732,TRUE,"data/raw/2025/summary_2025_20250410_401705732.json",TRUE,TRUE,NA
401705733,TRUE,"data/raw/2025/summary_2025_20250410_401705733.json",TRUE,TRUE,NA
401705734,TRUE,"data/raw/2025/summary_2025_20250410_401705734.json",TRUE,TRUE,NA
401705735,TRUE,"data/raw/2025/summary_2025_20250410_401705735.json",TRUE,TRUE,NA
401705727,TRUE,"data/raw/2025/summary_2025_20250411_401705727.json",TRUE,TRUE,NA
401705736,TRUE,"data/raw/2025/summary_2025_20250411_401705736.json",TRUE,TRUE,NA
401705737,TRUE,"data/raw/2025/summary_2025_20250411_401705737.json",TRUE,TRUE,NA
401705738,TRUE,"data/raw/2025/summary_2025_20250411_401705738.json",TRUE,TRUE,NA
401705739,TRUE,"data/raw/2025/summary_2025_20250411_401705739.json",TRUE,TRUE,NA
401705740,TRUE,"data/raw/2025/summary_2025_20250411_401705740.json",TRUE,TRUE,NA
401705741,TRUE,"data/raw/2025/summary_2025_20250411_401705741.json",TRUE,TRUE,NA
401705742,TRUE,"data/raw/2025/summary_2025_20250412_401705742.json",TRUE,TRUE,NA
401705743,TRUE,"data/raw/2025/summary_2025_20250412_401705743.json",TRUE,TRUE,NA
401705744,TRUE,"data/raw/2025/summary_2025_20250412_401705744.json",TRUE,TRUE,NA
401705745,TRUE,"data/raw/2025/summary_2025_20250412_401705745.json",TRUE,TRUE,NA
401705746,TRUE,"data/raw/2025/summary_2025_20250412_401705746.json",TRUE,TRUE,NA
401705747,TRUE,"data/raw/2025/summary_2025_20250412_401705747.json",TRUE,TRUE,NA
401705748,TRUE,"data/raw/2025/summary_2025_20250412_401705748.json",TRUE,TRUE,NA
401705749,TRUE,"data/raw/2025/summary_2025_20250412_401705749.json",TRUE,TRUE,NA
401705750,TRUE,"data/raw/2025/summary_2025_20250412_401705750.json",TRUE,TRUE,NA
401705751,TRUE,"data/raw/2025/summary_2025_20250412_401705751.json",TRUE,TRUE,NA
401705752,TRUE,"data/raw/2025/summary_2025_20250413_401705752.json",TRUE,TRUE,NA
401705753,TRUE,"data/raw/2025/summary_2025_20250413_401705753.json",TRUE,TRUE,NA
401705754,TRUE,"data/raw/2025/summary_2025_20250413_401705754.json",TRUE,TRUE,NA
401705755,TRUE,"data/raw/2025/summary_2025_20250413_401705755.json",TRUE,TRUE,NA
401705756,TRUE,"data/raw/2025/summary_2025_20250413_401705756.json",TRUE,TRUE,NA
401705757,TRUE,"data/raw/2025/summary_2025_20250413_401705757.json",TRUE,TRUE,NA
401705758,TRUE,"data/raw/2025/summary_2025_20250413_401705758.json",TRUE,TRUE,NA
401705759,TRUE,"data/raw/2025/summary_2025_20250413_401705759.json",TRUE,TRUE,NA
401705760,TRUE,"data/raw/2025/summary_2025_20250413_401705760.json",TRUE,TRUE,NA
401705761,TRUE,"data/raw/2025/summary_2025_20250413_401705761.json",TRUE,TRUE,NA
401705762,TRUE,"data/raw/2025/summary_2025_20250413_401705762.json",TRUE,TRUE,NA
401705763,TRUE,"data/raw/2025/summary_2025_20250413_401705763.json",TRUE,TRUE,NA
401705764,TRUE,"data/raw/2025/summary_2025_20250413_401705764.json",TRUE,TRUE,NA
401705765,TRUE,"data/raw/2025/summary_2025_20250413_401705765.json",TRUE,TRUE,NA
401705766,TRUE,"data/raw/2025/summary_2025_20250413_401705766.json",TRUE,TRUE,NA
